problem_id,problem_name,problem_url,hint_video_url
6754,Consecutive Number Sum,http://www.scaler.com/admin/new_problems/6754,https://d2beiqkhq929f0.cloudfront.net/videos/videos/000/000/029/original/Consecutive_number_sum.MP4?1584478551
840,Repeated Subtraction,http://www.scaler.com/admin/new_problems/840,https://d2beiqkhq929f0.cloudfront.net/videos/videos/000/000/087/original/REPEATED_SUBTRACTION.MP4?1584585896
900,Closest Palindrome,http://www.scaler.com/admin/new_problems/900,https://d2beiqkhq929f0.cloudfront.net/videos/videos/000/000/091/original/ClosestPalindrome.MP4?1584669075
4370,Middle element of linked list,http://www.scaler.com/admin/new_problems/4370,https://d2beiqkhq929f0.cloudfront.net/videos/videos/000/000/128/original/Middle_Element_Of_Linked_List_Conv.m4v?1585854409
40,Reverse Linked List,http://www.scaler.com/admin/new_problems/40,https://d2beiqkhq929f0.cloudfront.net/videos/videos/000/000/131/original/Reverse_A_Linked_List_Conv.m4v?1585854428
4390,Flatten a linked list,http://www.scaler.com/admin/new_problems/4390,https://d2beiqkhq929f0.cloudfront.net/videos/videos/000/000/132/original/Flatten_a_Linked_List_Conv.m4v?1585854449
44,Intersection of Linked Lists,http://www.scaler.com/admin/new_problems/44,https://d2beiqkhq929f0.cloudfront.net/videos/videos/000/000/133/original/Intersection_of_LinkedLists_Conv.m4v?1586008624
4677,Odd and Even Levels,http://www.scaler.com/admin/new_problems/4677,https://d2beiqkhq929f0.cloudfront.net/videos/videos/000/000/135/original/Difference_between_odd_and_even_levels.MP4?1586008756
9107,Number of Subarray,http://www.scaler.com/admin/new_problems/9107,https://d2beiqkhq929f0.cloudfront.net/videos/videos/000/000/140/original/NumberOfSubarray_updated.mov?1586009135
4401,Sum binary tree or not,http://www.scaler.com/admin/new_problems/4401,https://d2beiqkhq929f0.cloudfront.net/videos/videos/000/000/147/original/Sum_Binary_Tree_or_not_Conv.m4v?1586441662
4680,Duplicates in binary tree,http://www.scaler.com/admin/new_problems/4680,https://d2beiqkhq929f0.cloudfront.net/videos/videos/000/000/149/original/DuplicatesInaBT_Conv.m4v?1586807851
1192,Misha and Candies,http://www.scaler.com/admin/new_problems/1192,https://d2beiqkhq929f0.cloudfront.net/videos/videos/000/000/154/original/Misha_and_candies.mov?1587217625
446,Special Median,http://www.scaler.com/admin/new_problems/446,https://d2beiqkhq929f0.cloudfront.net/videos/videos/000/000/158/original/Special_Median_Conv.m4v?1587219853
1036,The ship company,http://www.scaler.com/admin/new_problems/1036,https://d2beiqkhq929f0.cloudfront.net/videos/videos/000/000/174/original/TheShipCompany_Conv.m4v?1587476149
992,Stacking Cubes,http://www.scaler.com/admin/new_problems/992,https://d2beiqkhq929f0.cloudfront.net/videos/videos/000/000/179/original/StackingCubes.MP4?1587585084
4033,Minimum Swaps,http://www.scaler.com/admin/new_problems/4033,https://d2beiqkhq929f0.cloudfront.net/videos/videos/000/000/184/original/MinSwapToBringEleLessEqualToKTogether.mov?1588115142
9011,Buying Candies,http://www.scaler.com/admin/new_problems/9011,https://d2beiqkhq929f0.cloudfront.net/videos/videos/000/000/202/original/BuyingCandies_Conv.m4v?1589408151
6708,B-th Smallest Prime Fraction,http://www.scaler.com/admin/new_problems/6708,https://d2beiqkhq929f0.cloudfront.net/videos/videos/000/000/212/original/Bth_Smallest_Prime_Fraction.mp4?1591011467
8515,Maximum positivity,http://www.scaler.com/admin/new_problems/8515,https://d2beiqkhq929f0.cloudfront.net/videos/videos/000/000/218/original/Maximum_Positivity.mp4?1592553046
6533,SIXLETS,http://www.scaler.com/admin/new_problems/6533,https://d2beiqkhq929f0.cloudfront.net/videos/videos/000/000/231/original/Sixlets_Conv.MP4?1595585371
4133,Special Integer,http://www.scaler.com/admin/new_problems/4133,https://d2beiqkhq929f0.cloudfront.net/videos/videos/000/000/239/original/SpecialInteger_Conv.mov?1595585796
5840,"A, B and Modulo",http://www.scaler.com/admin/new_problems/5840,https://d2beiqkhq929f0.cloudfront.net/videos/videos/000/000/241/original/Updated-_A__B_and_modulo_Conv.mov?1595585824
4857,Largest BST Subtree,http://www.scaler.com/admin/new_problems/4857,https://d2beiqkhq929f0.cloudfront.net/videos/videos/000/000/243/original/Largest_BST_Subtree_conv.mp4?1596475079
5714,Right view of Binary tree,http://www.scaler.com/admin/new_problems/5714,https://d2beiqkhq929f0.cloudfront.net/videos/videos/000/000/244/original/Right_View_of_Binary_Tree_conv.mp4?1596475819
5715,TOP VIEW,http://www.scaler.com/admin/new_problems/5715,https://d2beiqkhq929f0.cloudfront.net/videos/videos/000/000/247/original/Top_View_of_Binary_Tree_conv.mp4?1596475962
378,Vertical Order traversal,http://www.scaler.com/admin/new_problems/378,https://d2beiqkhq929f0.cloudfront.net/videos/videos/000/000/249/original/Vertical_Order_Traversal_Updated_conv.mp4?1596476143
9256,Diameter of binary tree,http://www.scaler.com/admin/new_problems/9256,https://d2beiqkhq929f0.cloudfront.net/videos/videos/000/000/251/original/Diameter_of_Binary_Tree_conv.mp4?1596476842
8516,Squared and added,http://www.scaler.com/admin/new_problems/8516,https://d2beiqkhq929f0.cloudfront.net/videos/videos/000/000/252/original/Squared_and_added__conv.MOV?1596643829
1083,Christmas Trees,http://www.scaler.com/admin/new_problems/1083,https://d2beiqkhq929f0.cloudfront.net/videos/videos/000/000/253/original/Christmas_Trees_conv.MOV?1596643957
4541,Good Subarrays,http://www.scaler.com/admin/new_problems/4541,https://d2beiqkhq929f0.cloudfront.net/videos/videos/000/000/254/original/Good_Subarrays_conv.MOV?1596644087
9410,Empty the Array!,http://www.scaler.com/admin/new_problems/9410,https://d2beiqkhq929f0.cloudfront.net/videos/videos/000/000/255/original/Empty_the_array_conv.MOV?1596644179
9307,Another sequence problem,http://www.scaler.com/admin/new_problems/9307,https://d2beiqkhq929f0.cloudfront.net/videos/videos/000/000/256/original/Another_Sequence_Problem_conv.MOV?1596644330
9078,Sweet dish,http://www.scaler.com/admin/new_problems/9078,https://d2beiqkhq929f0.cloudfront.net/videos/videos/000/000/257/original/Sweet_Dish_conv.MOV?1596644335
6527,Smallest XOR,http://www.scaler.com/admin/new_problems/6527,https://d2beiqkhq929f0.cloudfront.net/videos/videos/000/000/258/original/Smallest_XOR_conv.MOV?1596644395
928,Charming Strings,http://www.scaler.com/admin/new_problems/928,https://d2beiqkhq929f0.cloudfront.net/videos/videos/000/000/259/original/Charming_strings_conv.MOV?1596644463
9413,Find the numbers!,http://www.scaler.com/admin/new_problems/9413,https://d2beiqkhq929f0.cloudfront.net/videos/videos/000/000/261/original/Find_the_number_conv.MOV?1596644518
6706,Into Blocks,http://www.scaler.com/admin/new_problems/6706,https://d2beiqkhq929f0.cloudfront.net/videos/videos/000/000/262/original/Into_blocks_conv.MOV?1596644540
9098,Make array equal,http://www.scaler.com/admin/new_problems/9098,https://d2beiqkhq929f0.cloudfront.net/videos/videos/000/000/263/original/Make_array_equal_conv.MOV?1596644593
9341,Make Palindrome,http://www.scaler.com/admin/new_problems/9341,https://d2beiqkhq929f0.cloudfront.net/videos/videos/000/000/265/original/Make_Palindrome.mp4?1597088010
10013,Scaler Nim!,http://www.scaler.com/admin/new_problems/10013,https://d2beiqkhq929f0.cloudfront.net/videos/videos/000/000/266/original/Scaler_Nim_Conv.mp4?1597258984
4105,Find nth Magic Number,http://www.scaler.com/admin/new_problems/4105,https://d2beiqkhq929f0.cloudfront.net/videos/videos/000/000/273/original/nthMagicNumber.MP4?1597650288
4102,Finding Position,http://www.scaler.com/admin/new_problems/4102,https://d2beiqkhq929f0.cloudfront.net/videos/videos/000/000/277/original/FIndingPosition_new.mov?1597650578
3952,Minimum number of jumps,http://www.scaler.com/admin/new_problems/3952,https://d2beiqkhq929f0.cloudfront.net/videos/videos/000/000/278/original/MinJumps2ReachEnd.mov?1597650681
4072,Array with consecutive elements,http://www.scaler.com/admin/new_problems/4072,https://d2beiqkhq929f0.cloudfront.net/videos/videos/000/000/281/original/Array_with_consecutive_elements_updated.mov?1597671595
967,Enumerating GCD,http://www.scaler.com/admin/new_problems/967,https://d2beiqkhq929f0.cloudfront.net/videos/videos/000/000/282/original/EnumeratingGCD_new.mov?1597671605
246,GCD_CMPL,http://www.scaler.com/admin/new_problems/246,https://d2beiqkhq929f0.cloudfront.net/videos/videos/000/000/284/original/GCDNew.MOV?1597671675
4097,Rectangle Area,http://www.scaler.com/admin/new_problems/4097,https://d2beiqkhq929f0.cloudfront.net/videos/videos/000/000/287/original/RectangleArea.mov?1597671919
1095,Lucky Numbers,http://www.scaler.com/admin/new_problems/1095,https://d2beiqkhq929f0.cloudfront.net/videos/videos/000/000/289/original/LuckyNumbers.MP4?1597671960
4106,Number Of Open Doors,http://www.scaler.com/admin/new_problems/4106,https://d2beiqkhq929f0.cloudfront.net/videos/videos/000/000/290/original/Number_of_Open_Doors_Updated.MP4?1597671963
9154,Powers of 3,http://www.scaler.com/admin/new_problems/9154,https://d2beiqkhq929f0.cloudfront.net/videos/videos/000/000/291/original/PowerOf3New.mov?1597671991
5153,ADD OR NOT,http://www.scaler.com/admin/new_problems/5153,https://d2beiqkhq929f0.cloudfront.net/videos/videos/000/000/292/original/AddOrNot.mov?1597842625
4192,Reverse pairs,http://www.scaler.com/admin/new_problems/4192,https://d2beiqkhq929f0.cloudfront.net/videos/videos/000/000/296/original/Reverse_Pairs.mov?1597842685
4101,Maximum height of staircase,http://www.scaler.com/admin/new_problems/4101,https://d2beiqkhq929f0.cloudfront.net/videos/videos/000/000/298/original/Staicase_updated.mov?1597842724
4032,Alternate positive and negative elements,http://www.scaler.com/admin/new_problems/4032,https://d2beiqkhq929f0.cloudfront.net/videos/videos/000/000/302/original/UPDATED_2-Alternative_Positive_and_Negative_Elements.mov?1597843230
1104,Minimum Difference,http://www.scaler.com/admin/new_problems/1104,https://d2beiqkhq929f0.cloudfront.net/videos/videos/000/000/304/original/UPDATED3-Minimum_Difference.mov?1597843515
936,Strange Equality,http://www.scaler.com/admin/new_problems/936,https://d2beiqkhq929f0.cloudfront.net/videos/videos/000/000/310/original/Strange_Equalitu_Updated_2.mov?1598259702
1085,Interesting Array,http://www.scaler.com/admin/new_problems/1085,https://d2beiqkhq929f0.cloudfront.net/videos/videos/000/000/312/original/Interesting_Array.MP4?1598259714
4809,Minimum Swaps To Arrange Pairs,http://www.scaler.com/admin/new_problems/4809,https://d2beiqkhq929f0.cloudfront.net/videos/videos/000/000/316/original/Min_Number_of_Swaps_to_make_Adjacent_Elements_in_Pair.MP4?1598259877
1065,Let's Party,http://www.scaler.com/admin/new_problems/1065,https://d2beiqkhq929f0.cloudfront.net/videos/videos/000/000/318/original/Let's_Party_DP_conv.mp4?1598274153
6064,Power of 3,http://www.scaler.com/admin/new_problems/6064,https://d2beiqkhq929f0.cloudfront.net/videos/videos/000/000/320/original/Power_of_3_conv.mp4?1598274223
9359,Path in Directed Graph,http://www.scaler.com/admin/new_problems/9359,https://d2beiqkhq929f0.cloudfront.net/videos/videos/000/000/323/original/PathInDirectedGraph_conv.mp4?1598283543
4363,Reversing Elements Of Queue,http://www.scaler.com/admin/new_problems/4363,https://d2beiqkhq929f0.cloudfront.net/videos/videos/000/000/329/original/Reversing_the_first_B_elements_conv.mp4?1598332032
678,Balanced Paranthesis,http://www.scaler.com/admin/new_problems/678,https://d2beiqkhq929f0.cloudfront.net/videos/videos/000/000/331/original/Balanced_Paranthesis_conv.mp4?1598332102
9428,Poisonous Graph,http://www.scaler.com/admin/new_problems/9428,https://d2beiqkhq929f0.cloudfront.net/videos/videos/000/000/336/original/Poisonous_graphs_conv.mp4?1598332578
9358,Coloring a Cycle Graph,http://www.scaler.com/admin/new_problems/9358,https://d2beiqkhq929f0.cloudfront.net/videos/videos/000/000/342/original/Colouring_a_cyclic_graph_conv.MOV?1598473046
8092,Amazing Problem,http://www.scaler.com/admin/new_problems/8092,https://d2beiqkhq929f0.cloudfront.net/videos/videos/000/000/343/original/Amazing_Problem_conv.MOV?1598473124
520,Contiguous Characters,http://www.scaler.com/admin/new_problems/520,https://d2beiqkhq929f0.cloudfront.net/videos/videos/000/000/344/original/Contiguous_Characters_conv.MOV?1598473316
516,First Depth First Search,http://www.scaler.com/admin/new_problems/516,https://d2beiqkhq929f0.cloudfront.net/videos/videos/000/000/345/original/First_depth_first_search__conv.MOV?1598473611
4702,Number of islands,http://www.scaler.com/admin/new_problems/4702,https://d2beiqkhq929f0.cloudfront.net/videos/videos/000/000/346/original/Number_of_islands__conv.MOV?1598473616
946,Name Transformation,http://www.scaler.com/admin/new_problems/946,https://d2beiqkhq929f0.cloudfront.net/videos/videos/000/000/347/original/Name_Transformation_conv.MOV?1598473711
4704,Rotten Oranges,http://www.scaler.com/admin/new_problems/4704,https://d2beiqkhq929f0.cloudfront.net/videos/videos/000/000/348/original/Rotten_Oranges_conv.MOV?1598473721
9192,Square window,http://www.scaler.com/admin/new_problems/9192,https://d2beiqkhq929f0.cloudfront.net/videos/videos/000/000/350/original/Square_Window_conv.MOV?1598473932
418,Valid Path,http://www.scaler.com/admin/new_problems/418,https://d2beiqkhq929f0.cloudfront.net/videos/videos/000/000/351/original/Valid_Path_conv.MOV?1598474016
970,K Character Trouble,http://www.scaler.com/admin/new_problems/970,https://d2beiqkhq929f0.cloudfront.net/videos/videos/000/000/352/original/K_Character_trouble_conv.MOV?1598474677
4394,Binary tree to Circular Doubly Linked List,http://www.scaler.com/admin/new_problems/4394,https://d2beiqkhq929f0.cloudfront.net/videos/videos/000/000/353/original/Binary_Tree_To_Linked_List_conv.mp4?1598498239
4361,Count the primes,http://www.scaler.com/admin/new_problems/4361,https://d2beiqkhq929f0.cloudfront.net/videos/videos/000/000/355/original/Count_The_Primes_conv.mp4?1598498342
445,Longest Balanced Substring,http://www.scaler.com/admin/new_problems/445,https://d2beiqkhq929f0.cloudfront.net/videos/videos/000/000/359/original/Longest_Balanced_Substring_conv.mp4?1598498505
6580,Cows and snacks,http://www.scaler.com/admin/new_problems/6580,https://d2beiqkhq929f0.cloudfront.net/videos/videos/000/000/361/original/Cows_and_Snacks_Updated_conv.mp4?1598500882
4679,BST nodes in a range,http://www.scaler.com/admin/new_problems/4679,https://d2beiqkhq929f0.cloudfront.net/videos/videos/000/000/368/original/BSTNodesInARange_conv.mp4?1598527793
4675,Left view of binary tree,http://www.scaler.com/admin/new_problems/4675,https://d2beiqkhq929f0.cloudfront.net/videos/videos/000/000/369/original/LeftViewOfBT_conv.mp4?1598527807
602,Minimum largest element,http://www.scaler.com/admin/new_problems/602,https://d2beiqkhq929f0.cloudfront.net/videos/videos/000/000/371/original/MinLargestEleAfterBOperations_conv.mp4?1598527929
6284,Damaged Roads,http://www.scaler.com/admin/new_problems/6284,https://d2beiqkhq929f0.cloudfront.net/videos/videos/000/000/373/original/DamagedRoads_conv.mp4?1598527981
4364,"N integers containing only 1, 2 & 3",http://www.scaler.com/admin/new_problems/4364,https://d2beiqkhq929f0.cloudfront.net/videos/videos/000/000/374/original/NIntegersContaining123_conv.mp4?1598528024
1255,Count A,http://www.scaler.com/admin/new_problems/1255,https://d2beiqkhq929f0.cloudfront.net/videos/videos/000/000/375/original/countA_conv.mp4?1598528032
4823,Burst Balloons,http://www.scaler.com/admin/new_problems/4823,https://d2beiqkhq929f0.cloudfront.net/videos/videos/000/000/378/original/BurstBalloons_conv.mp4?1598528133
8645,MINIMUM PICKS,http://www.scaler.com/admin/new_problems/8645,https://d2beiqkhq929f0.cloudfront.net/videos/videos/000/000/380/original/MinimumPicks_conv.mp4?1598530065
8647,Is it a parabola?,http://www.scaler.com/admin/new_problems/8647,https://d2beiqkhq929f0.cloudfront.net/videos/videos/000/000/381/original/Is_it_a_Parabola_conv.mp4?1598530182
8778,Change the Array,http://www.scaler.com/admin/new_problems/8778,https://d2beiqkhq929f0.cloudfront.net/videos/videos/000/000/382/original/changeTheArray_conv.mp4?1598530216
9337,Little Ponny and Bitwise operations,http://www.scaler.com/admin/new_problems/9337,https://d2beiqkhq929f0.cloudfront.net/videos/videos/000/000/383/original/Little_Ponny_and_Bitwise_operations_conv.mp4?1598530218
9435,Little Ponny and Recursive Functions,http://www.scaler.com/admin/new_problems/9435,https://d2beiqkhq929f0.cloudfront.net/videos/videos/000/000/385/original/Little_Ponny_and_Recursive_Functions_conv.mp4?1598530275
1304,Algorithmic WeightLifting,http://www.scaler.com/admin/new_problems/1304,https://d2beiqkhq929f0.cloudfront.net/videos/videos/000/000/386/original/AlgorithmicWeightLifting_conv.mp4?1598530292
9308,Sereja loves recursion,http://www.scaler.com/admin/new_problems/9308,https://d2beiqkhq929f0.cloudfront.net/videos/videos/000/000/387/original/SerejaLovesRecursion_conv.mp4?1598530293
9157,XOR Prime,http://www.scaler.com/admin/new_problems/9157,https://d2beiqkhq929f0.cloudfront.net/videos/videos/000/000/388/original/UPDATED-XOR_Prime_conv.mp4?1598530516
9158,Longest Special Substring,http://www.scaler.com/admin/new_problems/9158,https://d2beiqkhq929f0.cloudfront.net/videos/videos/000/000/389/original/LongestSpecialSubstring_conv.mp4?1598531097
9294,Free Cars,http://www.scaler.com/admin/new_problems/9294,https://d2beiqkhq929f0.cloudfront.net/videos/videos/000/000/390/original/Free_Cars_conv.mp4?1599466418
4465,Common Nodes in Two BST,http://www.scaler.com/admin/new_problems/4465,https://d2beiqkhq929f0.cloudfront.net/videos/videos/000/000/391/original/Commo_Nodes_BST_Updated_2_conv.mp4?1600149452
9291,Finish Maximum Jobs,http://www.scaler.com/admin/new_problems/9291,https://d2beiqkhq929f0.cloudfront.net/videos/videos/000/000/392/original/Finish_Maximum_Jobs_conv.mp4?1600149453
1013,MaxMod,http://www.scaler.com/admin/new_problems/1013,https://d2beiqkhq929f0.cloudfront.net/videos/videos/000/000/396/original/MaxMod_conv.mp4?1600757276
4950, Kth Smallest Element in a Sorted Matrix,http://www.scaler.com/admin/new_problems/4950,https://d2beiqkhq929f0.cloudfront.net/videos/videos/000/000/398/original/KthSmallestElementInAMatrix_conv.mp4?1600757379
4091,Sum of all Submatrices,http://www.scaler.com/admin/new_problems/4091,https://d2beiqkhq929f0.cloudfront.net/videos/videos/000/000/404/original/SumofAllSubmatrices_conv.mp4?1600852287
9314,Prime Modulo Inverse,http://www.scaler.com/admin/new_problems/9314,https://d2beiqkhq929f0.cloudfront.net/videos/videos/000/000/405/original/Prime_modular_INVERSE_Updated_conv.mp4?1600852486
1072,Very Large Power,http://www.scaler.com/admin/new_problems/1072,https://d2beiqkhq929f0.cloudfront.net/videos/videos/000/000/406/original/VeryLargePowers_conv.mp4?1600852553
2126,Divisor game,http://www.scaler.com/admin/new_problems/2126,https://d2beiqkhq929f0.cloudfront.net/videos/videos/000/000/408/original/Divisor_Game_Updated_conv.mp4?1600853011
6707,Consecutive Numbers Sum,http://www.scaler.com/admin/new_problems/6707,https://d2beiqkhq929f0.cloudfront.net/videos/videos/000/000/409/original/Consecutive_Numbers_Sum_Updated_conv.mp4?1600853014
4186,Absolute maximum,http://www.scaler.com/admin/new_problems/4186,https://d2beiqkhq929f0.cloudfront.net/videos/videos/000/000/410/original/Absolute_Maximum_Updated_conv.mp4?1600853030
9103,Delete one,http://www.scaler.com/admin/new_problems/9103,https://d2beiqkhq929f0.cloudfront.net/videos/videos/000/000/411/original/Delete_One_conv.mp4?1600853539
9104,Pubg,http://www.scaler.com/admin/new_problems/9104,https://d2beiqkhq929f0.cloudfront.net/videos/videos/000/000/412/original/Pubg_conv.mp4?1600853718
2206,Factorial Array,http://www.scaler.com/admin/new_problems/2206,https://d2beiqkhq929f0.cloudfront.net/videos/videos/000/000/414/original/FactorialArray_conv.mp4?1600853917
5237,Odd Fibonacci,http://www.scaler.com/admin/new_problems/5237,https://d2beiqkhq929f0.cloudfront.net/videos/videos/000/000/415/original/Odd_Fibonacci_conv.mp4?1600936605
4190,Inversion count in an array,http://www.scaler.com/admin/new_problems/4190,https://d2beiqkhq929f0.cloudfront.net/videos/videos/000/000/420/original/Inversion_Count_conv.mp4?1601048310
9351,Distance in Bridge Tree,http://www.scaler.com/admin/new_problems/9351,https://d2beiqkhq929f0.cloudfront.net/videos/videos/000/000/423/original/Distance_in_Bridge_Tree_conv.mp4?1601280470
4549,Tree coloring with three colors,http://www.scaler.com/admin/new_problems/4549,https://d2beiqkhq929f0.cloudfront.net/videos/videos/000/000/424/original/Tree_Coloring_with_3_Colors_conv.mp4?1601281952
9384,Contact Finder,http://www.scaler.com/admin/new_problems/9384,https://d2beiqkhq929f0.cloudfront.net/videos/videos/000/000/429/original/Contact_Finder_conv.mp4?1602582336
1064,Passing game,http://www.scaler.com/admin/new_problems/1064,https://d2beiqkhq929f0.cloudfront.net/videos/videos/000/000/431/original/Passing_game_conv.mp4?1602672611
968,Double Character Trouble,http://www.scaler.com/admin/new_problems/968,https://d2beiqkhq929f0.cloudfront.net/videos/videos/000/000/432/original/DoubleChartrouble_conv.mp4?1602672977
4347,Sort  stack using  another stack,http://www.scaler.com/admin/new_problems/4347,https://d2beiqkhq929f0.cloudfront.net/videos/videos/000/000/434/original/SortAstack_conv.mp4?1602673473
4354,Maximum Frequency stack,http://www.scaler.com/admin/new_problems/4354,https://d2beiqkhq929f0.cloudfront.net/videos/videos/000/000/436/original/Maxfreqstack_conv.mp4?1602673616
3297,Perfect Numbers,http://www.scaler.com/admin/new_problems/3297,https://d2beiqkhq929f0.cloudfront.net/videos/videos/000/000/438/original/AthPerfectNumber_conv.mp4?1602673715
9014,Task Scheduling,http://www.scaler.com/admin/new_problems/9014,https://d2beiqkhq929f0.cloudfront.net/videos/videos/000/000/439/original/Taskscheduling_conv.mp4?1602673716
4365,First non-repeating character,http://www.scaler.com/admin/new_problems/4365,https://d2beiqkhq929f0.cloudfront.net/videos/videos/000/000/443/original/Firstnonrepeatingchar_conv.mp4?1602682249
4540,Range Sum,http://www.scaler.com/admin/new_problems/4540,https://d2beiqkhq929f0.cloudfront.net/videos/videos/000/000/445/original/RangeSum_conv.mp4?1602682641
4112,Compute nCr % p,http://www.scaler.com/admin/new_problems/4112,https://d2beiqkhq929f0.cloudfront.net/videos/videos/000/000/447/original/FVGN6481_conv.mp4?1602746023
9339,Little Ponny and Linear Recurrence ,http://www.scaler.com/admin/new_problems/9339,https://d2beiqkhq929f0.cloudfront.net/videos/videos/000/000/448/original/LMQY5272_conv.mp4?1602746182
986,Closest MinMax,http://www.scaler.com/admin/new_problems/986,https://d2beiqkhq929f0.cloudfront.net/videos/videos/000/000/449/original/FUMH8590_conv.mp4?1602746345
5708,SUMMATION,http://www.scaler.com/admin/new_problems/5708,https://d2beiqkhq929f0.cloudfront.net/videos/videos/000/000/452/original/KSWQ5318_conv.mp4?1602747005
4753,Victory,http://www.scaler.com/admin/new_problems/4753,https://d2beiqkhq929f0.cloudfront.net/videos/videos/000/000/453/original/WJYB2327_conv.mp4?1602747229
375,Smallest sequence with given Primes,http://www.scaler.com/admin/new_problems/375,https://d2beiqkhq929f0.cloudfront.net/videos/videos/000/000/454/original/Smallest_sequence_with_given_primes_conv.MOV?1602809389
6488,Gym Trainer,http://www.scaler.com/admin/new_problems/6488,https://d2beiqkhq929f0.cloudfront.net/videos/videos/000/000/455/original/Gym_Trainer_conv.MOV?1602809584
9240,Construction Cost,http://www.scaler.com/admin/new_problems/9240,https://d2beiqkhq929f0.cloudfront.net/videos/videos/000/000/456/original/Construction_Cost_conv.MOV?1602809709
4699,Floyd Warshall Algorithm,http://www.scaler.com/admin/new_problems/4699,https://d2beiqkhq929f0.cloudfront.net/videos/videos/000/000/458/original/Floyed_Warshell_conv.MOV?1602810090
4974,Batches,http://www.scaler.com/admin/new_problems/4974,https://d2beiqkhq929f0.cloudfront.net/videos/videos/000/000/460/original/Batches_conv.mp4?1602841918
369,Largest Distance between nodes of a Tree,http://www.scaler.com/admin/new_problems/369,https://d2beiqkhq929f0.cloudfront.net/videos/videos/000/000/461/original/LargestDistanceBetweenNodesOfATree_conv.mp4?1602842014
3850,Minimum Absolute Difference,http://www.scaler.com/admin/new_problems/3850,https://d2beiqkhq929f0.cloudfront.net/videos/videos/000/000/463/original/MinAbsoluteDifference_conv.mp4?1602842252
4218,Check two bracket expressions,http://www.scaler.com/admin/new_problems/4218,https://d2beiqkhq929f0.cloudfront.net/videos/videos/000/000/466/original/Check_2_Bracket_Expressions_conv.mp4?1602853534
1140,Maximum Sum,http://www.scaler.com/admin/new_problems/1140,https://d2beiqkhq929f0.cloudfront.net/videos/videos/000/000/469/original/Maximum_Sum_2_conv.mp4?1603026026
4367,Linked-List,http://www.scaler.com/admin/new_problems/4367,https://d2beiqkhq929f0.cloudfront.net/videos/videos/000/000/470/original/Linked_list_conv.mp4?1603102830
380,K reverse linked list,http://www.scaler.com/admin/new_problems/380,https://d2beiqkhq929f0.cloudfront.net/videos/videos/000/000/471/original/K_reverse_linked_list_conv.mp4?1603102848
383,Min XOR value,http://www.scaler.com/admin/new_problems/383,https://d2beiqkhq929f0.cloudfront.net/videos/videos/000/000/472/original/Minxor_conv.mp4?1603102858
4198,Number of sextuplets,http://www.scaler.com/admin/new_problems/4198,https://d2beiqkhq929f0.cloudfront.net/videos/videos/000/000/478/original/Number_of_sextuplets_conv.mp4?1603306501
4532,Sort the array,http://www.scaler.com/admin/new_problems/4532,https://d2beiqkhq929f0.cloudfront.net/videos/videos/000/000/479/original/Sort_the_array_conv.mp4?1603306598
5097,Pairs with given sum II,http://www.scaler.com/admin/new_problems/5097,https://d2beiqkhq929f0.cloudfront.net/videos/videos/000/000/481/original/Pairs_with_given_sum_II__conv.mp4?1603374636
1302,Shaggy and distances,http://www.scaler.com/admin/new_problems/1302,https://d2beiqkhq929f0.cloudfront.net/videos/videos/000/000/482/original/Shaggy_and_distances__conv.mp4?1603374884
9464,Isomorphic Strings,http://www.scaler.com/admin/new_problems/9464,https://d2beiqkhq929f0.cloudfront.net/videos/videos/000/000/486/original/Isomorphic_strings__conv.mp4?1603375306
960,Replicating Substring,http://www.scaler.com/admin/new_problems/960,https://d2beiqkhq929f0.cloudfront.net/videos/videos/000/000/487/original/Replicating_substring__conv.mp4?1603375374
4132,Find a peak element,http://www.scaler.com/admin/new_problems/4132,https://d2beiqkhq929f0.cloudfront.net/videos/videos/000/000/491/original/Peak_Element_in_Array_conv.mp4?1603628504
890,Game of Bottles,http://www.scaler.com/admin/new_problems/890,https://d2beiqkhq929f0.cloudfront.net/videos/videos/000/000/492/original/Game_of_bottles_conv.mp4?1603628588
9304,Switch on the Bulbs,http://www.scaler.com/admin/new_problems/9304,https://d2beiqkhq929f0.cloudfront.net/videos/videos/000/000/495/original/CTAD3733_conv.mp4?1603963139
9323,Pairs with Given Difference,http://www.scaler.com/admin/new_problems/9323,https://d2beiqkhq929f0.cloudfront.net/videos/videos/000/000/496/original/Pairs_with_given_difference_conv.mp4?1604588655
4116,Subarray with given sum,http://www.scaler.com/admin/new_problems/4116,https://d2beiqkhq929f0.cloudfront.net/videos/videos/000/000/498/original/Sub_array_with_given_sum__conv.mp4?1604588984
4719,Count Right Triangles,http://www.scaler.com/admin/new_problems/4719,https://d2beiqkhq929f0.cloudfront.net/videos/videos/000/000/501/original/Count_right_triangles_conv.mp4?1604589497
4759,Count Rectangles,http://www.scaler.com/admin/new_problems/4759,https://d2beiqkhq929f0.cloudfront.net/videos/videos/000/000/502/original/Count_rectangles_conv.mp4?1604589572
6428,Arithmetic Subsequences,http://www.scaler.com/admin/new_problems/6428,https://d2beiqkhq929f0.cloudfront.net/videos/videos/000/000/506/original/Arithmetic_Subsquence_conv.MOV?1605640118
1226,Count Subarrays,http://www.scaler.com/admin/new_problems/1226,https://d2beiqkhq929f0.cloudfront.net/videos/videos/000/000/509/original/Count_Subarrays_conv.MOV?1605646656
4706,Dijsktra,http://www.scaler.com/admin/new_problems/4706,https://d2beiqkhq929f0.cloudfront.net/videos/videos/000/000/511/original/Dijkastra_conv.MOV?1605647262
9273,Make Circle,http://www.scaler.com/admin/new_problems/9273,https://d2beiqkhq929f0.cloudfront.net/videos/videos/000/000/513/original/Make_Circle_conv.MOV?1605647578
377,Possibility of Finishing,http://www.scaler.com/admin/new_problems/377,https://d2beiqkhq929f0.cloudfront.net/videos/videos/000/000/514/original/Possibility_of_Finishing_conv.MOV?1605647821
6465,RECTANGLE SUM,http://www.scaler.com/admin/new_problems/6465,https://d2beiqkhq929f0.cloudfront.net/videos/videos/000/000/515/original/Rectangle_Sum__conv.MOV?1605647950
4369,Running Median,http://www.scaler.com/admin/new_problems/4369,https://d2beiqkhq929f0.cloudfront.net/videos/videos/000/000/516/original/Running_Median_conv.MOV?1605648006
9201,Special path,http://www.scaler.com/admin/new_problems/9201,https://d2beiqkhq929f0.cloudfront.net/videos/videos/000/000/517/original/Special_Path_conv.MOV?1605648284
385,Tushar's Birthday Party,http://www.scaler.com/admin/new_problems/385,https://d2beiqkhq929f0.cloudfront.net/videos/videos/000/000/518/original/Tushar's_Birthday_Party_conv.MOV?1605648403
365,Ways to form Max Heap,http://www.scaler.com/admin/new_problems/365,https://d2beiqkhq929f0.cloudfront.net/videos/videos/000/000/522/original/WaysT0FormMaxHeap_conv.mp4?1605672681
437,Ways to form Max Heap 2,http://www.scaler.com/admin/new_problems/437,https://d2beiqkhq929f0.cloudfront.net/videos/videos/000/000/523/original/Ways2FromMaxHeap2_corrected_conv.mp4?1605672723
4226,Remove Loop from Linked List,http://www.scaler.com/admin/new_problems/4226,https://d2beiqkhq929f0.cloudfront.net/videos/videos/000/000/531/original/Removealooplinkedlist_conv.mp4?1605676009
4385,Connect ropes,http://www.scaler.com/admin/new_problems/4385,https://d2beiqkhq929f0.cloudfront.net/videos/videos/000/000/533/original/Connectingropes_conv.mp4?1605677694
9290,Middle Element from Stack!,http://www.scaler.com/admin/new_problems/9290,https://d2beiqkhq929f0.cloudfront.net/videos/videos/000/000/535/original/MiddleElementofstack_conv.mp4?1605678775
9099,Pair of poles,http://www.scaler.com/admin/new_problems/9099,https://d2beiqkhq929f0.cloudfront.net/videos/videos/000/000/543/original/Pair_of_poles_conv.MOV?1605680870
4707,Another BFS,http://www.scaler.com/admin/new_problems/4707,https://d2beiqkhq929f0.cloudfront.net/videos/videos/000/000/544/original/Another_bfs__conv.MOV?1605691595
5706,Matrix and Absolute Difference,http://www.scaler.com/admin/new_problems/5706,https://d2beiqkhq929f0.cloudfront.net/videos/videos/000/000/545/original/Matrix_ad_absolute_difference_conv.MOV?1605694406
4357,Maximum Depth,http://www.scaler.com/admin/new_problems/4357,https://d2beiqkhq929f0.cloudfront.net/videos/videos/000/000/546/original/Maximum_depth_conv.MOV?1605696024
4700,Minimum Weighted Cycle,http://www.scaler.com/admin/new_problems/4700,https://d2beiqkhq929f0.cloudfront.net/videos/videos/000/000/547/original/Minimum_Weight_Cycle_conv.MOV?1605697108
9366,Spelling Checker,http://www.scaler.com/admin/new_problems/9366,https://d2beiqkhq929f0.cloudfront.net/videos/videos/000/000/549/original/Spell_checker_conv.mp4?1606203573
989,Ath largest element,http://www.scaler.com/admin/new_problems/989,https://d2beiqkhq929f0.cloudfront.net/videos/videos/000/000/553/original/Ath_largest_element__conv.mp4?1606204141
9336,Little Ponny and Mobile Phones,http://www.scaler.com/admin/new_problems/9336,https://d2beiqkhq929f0.cloudfront.net/videos/videos/000/000/554/original/Little_pony_and_Mobile_phones__conv.mp4?1606204380
4035,Fibonacci Number,http://www.scaler.com/admin/new_problems/4035,https://d2beiqkhq929f0.cloudfront.net/videos/videos/000/000/556/original/Fibonacci_Number3_conv.mp4?1606321595
9916,Little Ponny and Divisibility!,http://www.scaler.com/admin/new_problems/9916,https://d2beiqkhq929f0.cloudfront.net/videos/videos/000/000/558/original/Little_Ponny_and_Divisiblity_conv.mp4?1606321748
9934,"Little Ponny and 2, 3 Stones",http://www.scaler.com/admin/new_problems/9934,https://d2beiqkhq929f0.cloudfront.net/videos/videos/000/000/559/original/Ponny_Donny_and_2_3_Stones_conv.mp4?1606321755
9933,Little Ponny Donny Game,http://www.scaler.com/admin/new_problems/9933,https://d2beiqkhq929f0.cloudfront.net/videos/videos/000/000/560/original/Little_Ponny_Donny_Game_conv.mp4?1606322017
4697,Shortest Distance in a Maze,http://www.scaler.com/admin/new_problems/4697,https://d2beiqkhq929f0.cloudfront.net/videos/videos/000/000/563/original/Shortest_distance_in_maze_conv.MOV?1606494057
4705,Distance of nearest cell,http://www.scaler.com/admin/new_problems/4705,https://d2beiqkhq929f0.cloudfront.net/videos/videos/000/000/564/original/Distance_of_nearest_cell_conv.MOV?1606494167
9247,Prefix and Suffix,http://www.scaler.com/admin/new_problems/9247,https://d2beiqkhq929f0.cloudfront.net/videos/videos/000/000/566/original/Prefix_and_suffix__conv.mp4?1606943754
4121,Maximum XOR,http://www.scaler.com/admin/new_problems/4121,https://d2beiqkhq929f0.cloudfront.net/videos/videos/000/000/567/original/Maximum_XOR__conv.mp4?1606943863
4438,Longest Common Subsequence,http://www.scaler.com/admin/new_problems/4438,https://d2beiqkhq929f0.cloudfront.net/videos/videos/000/000/568/original/Longest_Common_Subsequence__conv.mp4?1606943984
905,No More Zeroes,http://www.scaler.com/admin/new_problems/905,https://d2beiqkhq929f0.cloudfront.net/videos/videos/000/000/569/original/No_more_zeros__conv.mp4?1606944145
8959,Travelling Businessman,http://www.scaler.com/admin/new_problems/8959,https://d2beiqkhq929f0.cloudfront.net/videos/videos/000/000/570/original/Travelling_businessman___conv.mp4?1606944220
858,Fantastic Four,http://www.scaler.com/admin/new_problems/858,https://d2beiqkhq929f0.cloudfront.net/videos/videos/000/000/571/original/Fantastic_Four_conv.mp4?1606944286
9407,Rinku and 2 swaps,http://www.scaler.com/admin/new_problems/9407,https://d2beiqkhq929f0.cloudfront.net/videos/videos/000/000/572/original/Rinku_and_2_swaps__conv.mp4?1606944342
8641,Scared Rishik,http://www.scaler.com/admin/new_problems/8641,https://d2beiqkhq929f0.cloudfront.net/videos/videos/000/000/573/original/Scared_Rishik__conv.mp4?1606944388
9332,Coin Game,http://www.scaler.com/admin/new_problems/9332,https://d2beiqkhq929f0.cloudfront.net/videos/videos/000/000/574/original/Coin_game_conv.mp4?1606944434
9378,Bacteria Experiment!,http://www.scaler.com/admin/new_problems/9378,https://d2beiqkhq929f0.cloudfront.net/videos/videos/000/000/575/original/Bacteria_Experiment__conv.mp4?1606944485
4395,Maximum array sum after B negations,http://www.scaler.com/admin/new_problems/4395,https://d2beiqkhq929f0.cloudfront.net/videos/videos/000/000/577/original/UpdatedMaxsumafterbnegations_conv.mp4?1607331335
1243,Product of 3,http://www.scaler.com/admin/new_problems/1243,https://d2beiqkhq929f0.cloudfront.net/videos/videos/000/000/578/original/Updatedproductof3_conv.mp4?1607331375
9264,K Places Apart,http://www.scaler.com/admin/new_problems/9264,https://d2beiqkhq929f0.cloudfront.net/videos/videos/000/000/579/original/Kplacesapart_conv.mp4?1607337826
9312,Length of LIS,http://www.scaler.com/admin/new_problems/9312,https://d2beiqkhq929f0.cloudfront.net/videos/videos/000/000/580/original/Length_of_lid_conv.mp4?1607338021
9388,Auto Complete,http://www.scaler.com/admin/new_problems/9388,https://d2beiqkhq929f0.cloudfront.net/videos/videos/000/000/581/original/UpdatedAutoCompletEAgain_conv.mp4?1607338357
4806,Ways to send the signal,http://www.scaler.com/admin/new_problems/4806,https://d2beiqkhq929f0.cloudfront.net/videos/videos/000/000/583/original/UpdatedWaystosendsignals_conv.mp4?1607339008
9329,"2,3,5 Game",http://www.scaler.com/admin/new_problems/9329,https://d2beiqkhq929f0.cloudfront.net/videos/videos/000/000/587/original/2_3_5_game_conv.mp4?1607870886
373,Flip Array,http://www.scaler.com/admin/new_problems/373,https://d2beiqkhq929f0.cloudfront.net/videos/videos/000/000/594/original/Flip_array__conv.mp4?1607871558
10011,Nim Game,http://www.scaler.com/admin/new_problems/10011,https://d2beiqkhq929f0.cloudfront.net/videos/videos/000/000/595/original/Nim_game__conv.mp4?1607871681
10012,Poker Nim!,http://www.scaler.com/admin/new_problems/10012,https://d2beiqkhq929f0.cloudfront.net/videos/videos/000/000/596/original/Poker_nim_conv.mp4?1607871738
9243,Similarity Between Cities!,http://www.scaler.com/admin/new_problems/9243,https://d2beiqkhq929f0.cloudfront.net/videos/videos/000/000/597/original/Similarity_between_cities__conv.mp4?1607871912
9373,Maximum Difference on Tree,http://www.scaler.com/admin/new_problems/9373,https://d2beiqkhq929f0.cloudfront.net/videos/videos/000/000/599/original/Maximum_difference_on_tree_conv.mp4?1607872157
9177,Sort the permutation,http://www.scaler.com/admin/new_problems/9177,https://d2beiqkhq929f0.cloudfront.net/videos/videos/000/000/600/original/Sort_the_permutations__conv.mp4?1607872218
1265,One Love,http://www.scaler.com/admin/new_problems/1265,https://d2beiqkhq929f0.cloudfront.net/videos/videos/000/000/601/original/One_love_conv.mp4?1607872257
9250,Cross the wall,http://www.scaler.com/admin/new_problems/9250,https://d2beiqkhq929f0.cloudfront.net/videos/videos/000/000/603/original/Cross_the_wall_conv.mp4?1607872351
9106,GCD of Array,http://www.scaler.com/admin/new_problems/9106,https://d2beiqkhq929f0.cloudfront.net/videos/videos/000/000/604/original/GCD_of_array__conv.mp4?1607872417
4209,Parity Queries,http://www.scaler.com/admin/new_problems/4209,https://d2beiqkhq929f0.cloudfront.net/videos/videos/000/000/605/original/Parity_queries__conv.mp4?1607872461
9318,Cutting a Rod,http://www.scaler.com/admin/new_problems/9318,https://d2beiqkhq929f0.cloudfront.net/videos/videos/000/000/606/original/Cutting_a_rod_2__conv.mp4?1610566255
9100,prime fibonacci,http://www.scaler.com/admin/new_problems/9100,https://d2beiqkhq929f0.cloudfront.net/videos/videos/000/000/607/original/Prime_Fibonacci_2__conv.mp4?1610566411
997,Perfect Cards,http://www.scaler.com/admin/new_problems/997,https://d2beiqkhq929f0.cloudfront.net/videos/videos/000/000/608/original/Perfect_cards_2__conv.mp4?1610566464
8777,String Queries,http://www.scaler.com/admin/new_problems/8777,https://d2beiqkhq929f0.cloudfront.net/videos/videos/000/000/609/original/String_queries_2_conv.mp4?1610566519
9110,Minimize Difference,http://www.scaler.com/admin/new_problems/9110,https://d2beiqkhq929f0.cloudfront.net/videos/videos/000/000/610/original/Minimise_difference_2__conv.mp4?1610566933
9334,Jumping along Towers,http://www.scaler.com/admin/new_problems/9334,https://d2beiqkhq929f0.cloudfront.net/videos/videos/000/000/611/original/Jumping_along_towers_conv.mp4?1610566988
7609,Delete Min and Max,http://www.scaler.com/admin/new_problems/7609,https://d2beiqkhq929f0.cloudfront.net/videos/videos/000/000/612/original/Delete_min_and_max_conv.mp4?1610567025
9743,Gcd and List,http://www.scaler.com/admin/new_problems/9743,https://d2beiqkhq929f0.cloudfront.net/videos/videos/000/000/613/original/GCD_and_List_conv.mp4?1610567197
10280,Next in Line 1,http://www.scaler.com/admin/new_problems/10280,https://d2beiqkhq929f0.cloudfront.net/videos/videos/000/000/614/original/Next_in_line_1_conv.mp4?1610567251
9889,Paint Binary Tree,http://www.scaler.com/admin/new_problems/9889,https://d2beiqkhq929f0.cloudfront.net/videos/videos/000/000/615/original/Paint_binary_tree_conv.mp4?1610567298
9921,Sequential Cities,http://www.scaler.com/admin/new_problems/9921,https://d2beiqkhq929f0.cloudfront.net/videos/videos/000/000/616/original/Sequential_cities__conv.mp4?1610567333
9807,Destroy Kingdoms,http://www.scaler.com/admin/new_problems/9807,https://d2beiqkhq929f0.cloudfront.net/videos/videos/000/000/618/original/Destroy_kingdoms__conv.mp4?1610567425
5639,GCD PAIRS 2,http://www.scaler.com/admin/new_problems/5639,https://d2beiqkhq929f0.cloudfront.net/videos/videos/000/000/620/original/GCD_pairs_II_conv.mp4?1610567628
10211,Make Palindrome 2,http://www.scaler.com/admin/new_problems/10211,https://d2beiqkhq929f0.cloudfront.net/videos/videos/000/000/621/original/Make_palindrome_II_conv.mp4?1610567707
9066,Special statue,http://www.scaler.com/admin/new_problems/9066,https://d2beiqkhq929f0.cloudfront.net/videos/videos/000/000/622/original/Special_statue_conv.mp4?1610567755
7042,MAX and MIN,http://www.scaler.com/admin/new_problems/7042,https://d2beiqkhq929f0.cloudfront.net/videos/videos/000/000/623/original/Min_max_updated__conv.mp4?1610687121
1158,Chess MOD,http://www.scaler.com/admin/new_problems/1158,https://d2beiqkhq929f0.cloudfront.net/videos/videos/000/000/624/original/Chess_MOD_conv.mp4?1610710236
600,Minimum Number of Squares,http://www.scaler.com/admin/new_problems/600,https://d2beiqkhq929f0.cloudfront.net/videos/videos/000/000/625/original/Min_no_of_squares_conv.mp4?1610710392
6529,Rishik in a race,http://www.scaler.com/admin/new_problems/6529,https://d2beiqkhq929f0.cloudfront.net/videos/videos/000/000/626/original/Rishik_in_a_Race_conv.mp4?1610710591
9269,Deserialize Binary Tree,http://www.scaler.com/admin/new_problems/9269,https://d2beiqkhq929f0.cloudfront.net/videos/videos/000/000/629/original/Deserialise_tree_conv.mp4?1610725564
9233,Cyclic Permutations,http://www.scaler.com/admin/new_problems/9233,https://d2beiqkhq929f0.cloudfront.net/videos/videos/000/000/630/original/CyclicPermutations_conv.mp4?1610725614
9462,Period of a string,http://www.scaler.com/admin/new_problems/9462,https://d2beiqkhq929f0.cloudfront.net/videos/videos/000/000/631/original/SmallestPeriodOfstring_conv.mp4?1610725615
9268,Serialize Binary Tree,http://www.scaler.com/admin/new_problems/9268,https://d2beiqkhq929f0.cloudfront.net/videos/videos/000/000/632/original/Serializebinarytree_%281%29_conv.mp4?1610725644
4176,Unique Paths III,http://www.scaler.com/admin/new_problems/4176,https://d2beiqkhq929f0.cloudfront.net/videos/videos/000/000/634/original/RatInAMAZE_conv.mp4?1610726412
1233,Bus Dilemma,http://www.scaler.com/admin/new_problems/1233,https://d2beiqkhq929f0.cloudfront.net/videos/videos/000/000/637/original/BusDilemma_conv.mp4?1610728719
9431,Distributing Juices,http://www.scaler.com/admin/new_problems/9431,https://d2beiqkhq929f0.cloudfront.net/videos/videos/000/000/638/original/DistributingJuices_conv.mp4?1610731313
4826,Russian Doll Envelopes,http://www.scaler.com/admin/new_problems/4826,https://d2beiqkhq929f0.cloudfront.net/videos/videos/000/000/639/original/Russiandollenvelopes_conv.mp4?1610731356
368,N digit numbers,http://www.scaler.com/admin/new_problems/368,https://d2beiqkhq929f0.cloudfront.net/videos/videos/000/000/640/original/Ndigitsnumbers_conv.mp4?1610731365
4822,Matrix Chain Multiplication,http://www.scaler.com/admin/new_problems/4822,https://d2beiqkhq929f0.cloudfront.net/videos/videos/000/000/641/original/MatrixChainUpdated_conv.mp4?1610731590
4107,Count of divisors,http://www.scaler.com/admin/new_problems/4107,https://d2beiqkhq929f0.cloudfront.net/videos/videos/000/000/644/original/Upd_out_of_divisors_conv.mp4?1611603929
11201,Disarranged Palindromic Subsequences!,http://www.scaler.com/admin/new_problems/11201,https://d2beiqkhq929f0.cloudfront.net/videos/videos/000/000/647/original/Disarranged_palindromic_subsequences__conv.mp4?1611848519
5552,Maximum Satisfaction,http://www.scaler.com/admin/new_problems/5552,https://d2beiqkhq929f0.cloudfront.net/videos/videos/000/000/648/original/Maximum_Satisfaction__conv.mp4?1611848563
10017,Game of stones!,http://www.scaler.com/admin/new_problems/10017,https://d2beiqkhq929f0.cloudfront.net/videos/videos/000/000/649/original/Game_of_Stones_2_conv.mp4?1611861934
449,Valuable Nodes,http://www.scaler.com/admin/new_problems/449,https://d2beiqkhq929f0.cloudfront.net/videos/videos/000/000/650/original/Valuable_nodes_2_conv.mp4?1611862030
10050,Little Ponny and String Period,http://www.scaler.com/admin/new_problems/10050,https://d2beiqkhq929f0.cloudfront.net/videos/videos/000/000/651/original/Little_pony_and_string_period_2_conv.mp4?1611862077
9155,Find Smallest Again,http://www.scaler.com/admin/new_problems/9155,https://d2beiqkhq929f0.cloudfront.net/videos/videos/000/000/652/original/Find_smallest_again_2_conv.mp4?1611862163
542,String Rotation,http://www.scaler.com/admin/new_problems/542,https://d2beiqkhq929f0.cloudfront.net/videos/videos/000/000/653/original/Position_sequence_2_conv.mp4?1611862229
524,Position Sequence,http://www.scaler.com/admin/new_problems/524,https://d2beiqkhq929f0.cloudfront.net/videos/videos/000/000/654/original/Position_sequence_2_conv.mp4?1611862283
9322,Find Probability,http://www.scaler.com/admin/new_problems/9322,https://d2beiqkhq929f0.cloudfront.net/videos/videos/000/000/655/original/Find_probability_2__conv.mp4?1611862330
9287,Open minimum shops,http://www.scaler.com/admin/new_problems/9287,https://d2beiqkhq929f0.cloudfront.net/videos/videos/000/000/656/original/Open_minimum_shops_2_conv.mp4?1611862385
9762,Friends In a Queue,http://www.scaler.com/admin/new_problems/9762,https://d2beiqkhq929f0.cloudfront.net/videos/videos/000/000/657/original/Friends_in_a_queue_2__conv.mp4?1611862422
1257,Universal String,http://www.scaler.com/admin/new_problems/1257,https://d2beiqkhq929f0.cloudfront.net/videos/videos/000/000/658/original/Universal_string_2_conv.mp4?1611862476
10196,Greatest Items,http://www.scaler.com/admin/new_problems/10196,https://d2beiqkhq929f0.cloudfront.net/videos/videos/000/000/659/original/Greatest_items_2__conv.mp4?1611862523
898,Substring sums,http://www.scaler.com/admin/new_problems/898,https://d2beiqkhq929f0.cloudfront.net/videos/videos/000/000/660/original/Substring_sum_conv.mp4?1611862556
10212,Divisible Number,http://www.scaler.com/admin/new_problems/10212,https://d2beiqkhq929f0.cloudfront.net/videos/videos/000/000/662/original/Divisible_number__conv.mp4?1611862664
9400,Little Ponny and Fountains,http://www.scaler.com/admin/new_problems/9400,https://d2beiqkhq929f0.cloudfront.net/videos/videos/000/000/663/original/Little_pony_and_fountains__conv.mp4?1611862703
9434,Little Ponny and Tax Savings,http://www.scaler.com/admin/new_problems/9434,https://d2beiqkhq929f0.cloudfront.net/videos/videos/000/000/664/original/Little_pony_and_tax_savings__conv.mp4?1611862735
10256,Powerful Array,http://www.scaler.com/admin/new_problems/10256,https://d2beiqkhq929f0.cloudfront.net/videos/videos/000/000/666/original/PowerFul_array_UPD_conv.mp4?1612450045
10496,Minimum Singletons,http://www.scaler.com/admin/new_problems/10496,https://d2beiqkhq929f0.cloudfront.net/videos/videos/000/000/667/original/Minimum_Singletons_UPD_conv.mp4?1612450222
5694,Knight Problem 1,http://www.scaler.com/admin/new_problems/5694,https://d2beiqkhq929f0.cloudfront.net/videos/videos/000/000/668/original/KnightProblem_1_conv.mp4?1612450234
10195,Student and Groups,http://www.scaler.com/admin/new_problems/10195,https://d2beiqkhq929f0.cloudfront.net/videos/videos/000/000/669/original/StudentsandGroupsUPD_conv.mp4?1612450237
8093,3 Length Paths,http://www.scaler.com/admin/new_problems/8093,https://d2beiqkhq929f0.cloudfront.net/videos/videos/000/000/670/original/3LengthPathUPD_conv.mp4?1612450325
4752,Xor tree,http://www.scaler.com/admin/new_problems/4752,https://d2beiqkhq929f0.cloudfront.net/videos/videos/000/000/671/original/XorTreesUpdated_conv.mp4?1612450485
9372,Parenthesis Again,http://www.scaler.com/admin/new_problems/9372,https://d2beiqkhq929f0.cloudfront.net/videos/videos/000/000/672/original/Upd_Paranthesis_Again_conv.mp4?1612450713
8596,Micro and Lucky Tree,http://www.scaler.com/admin/new_problems/8596,https://d2beiqkhq929f0.cloudfront.net/videos/videos/000/000/673/original/Micro_and_Lucky_tree_upd_conv.mp4?1612450855
603,The Trip,http://www.scaler.com/admin/new_problems/603,https://d2beiqkhq929f0.cloudfront.net/videos/videos/000/000/674/original/The_trip_conv.mp4?1612450855
4973,Unusual Bar,http://www.scaler.com/admin/new_problems/4973,https://d2beiqkhq929f0.cloudfront.net/videos/videos/000/000/675/original/Unusual_bar_conv.mp4?1612450973
2205,Revised Min Sum Path,http://www.scaler.com/admin/new_problems/2205,https://d2beiqkhq929f0.cloudfront.net/videos/videos/000/000/676/original/Revised_Min_Path_sum_conv.mp4?1612451001
5695,Knight Problem 2,http://www.scaler.com/admin/new_problems/5695,https://d2beiqkhq929f0.cloudfront.net/videos/videos/000/000/677/original/KnightProblem2UPD_conv.mp4?1612451074
9321,Ternary String,http://www.scaler.com/admin/new_problems/9321,https://d2beiqkhq929f0.cloudfront.net/videos/videos/000/000/678/original/Ternary_String_UPd_conv.mp4?1612451130
861,Tale of 3 Numbers,http://www.scaler.com/admin/new_problems/861,https://d2beiqkhq929f0.cloudfront.net/videos/videos/000/000/679/original/TaleOfThreenumbers_conv.mp4?1612453503
870,Flight Range Bookings,http://www.scaler.com/admin/new_problems/870,https://d2beiqkhq929f0.cloudfront.net/videos/videos/000/000/680/original/Flight_Range_and_Bookings_conv.mp4?1612453594
9283,Remove elements,http://www.scaler.com/admin/new_problems/9283,https://d2beiqkhq929f0.cloudfront.net/videos/videos/000/000/681/original/RemovingElements_conv.mp4?1612453603
6492,Ball Magician,http://www.scaler.com/admin/new_problems/6492,https://d2beiqkhq929f0.cloudfront.net/videos/videos/000/000/682/original/Ball_Magician_conv.mp4?1612453684
9436,Bags and Xor,http://www.scaler.com/admin/new_problems/9436,https://d2beiqkhq929f0.cloudfront.net/videos/videos/000/000/683/original/Bags_and_XOR_conv.mp4?1612453762
1097,Candies and Queries,http://www.scaler.com/admin/new_problems/1097,https://d2beiqkhq929f0.cloudfront.net/videos/videos/000/000/684/original/CandiesandQuerieUpdated_conv.mp4?1612453874
10278,King and Numbers 1,http://www.scaler.com/admin/new_problems/10278,https://d2beiqkhq929f0.cloudfront.net/videos/videos/000/000/685/original/KingOfNumbers1_conv.mp4?1612453929
10279,Bhidu and Traversal 1,http://www.scaler.com/admin/new_problems/10279,https://d2beiqkhq929f0.cloudfront.net/videos/videos/000/000/686/original/BhidhuAndTraversal_conv.mp4?1612453937
4971,Prime List,http://www.scaler.com/admin/new_problems/4971,https://d2beiqkhq929f0.cloudfront.net/videos/videos/000/000/687/original/PrimeList_conv.mp4?1612453958
9742,Aman and Identical Tree,http://www.scaler.com/admin/new_problems/9742,https://d2beiqkhq929f0.cloudfront.net/videos/videos/000/000/689/original/AmanandIdenticalupd_conv.mp4?1612454067
7863,N Knapsack Problem,http://www.scaler.com/admin/new_problems/7863,https://d2beiqkhq929f0.cloudfront.net/videos/videos/000/000/691/original/N_Knapsack_Problem_conv.mp4?1612803575
1220,Permutation Game,http://www.scaler.com/admin/new_problems/1220,https://d2beiqkhq929f0.cloudfront.net/videos/videos/000/000/692/original/Permutation_Game_conv.mp4?1612803674
8770,XOR Proof numbers,http://www.scaler.com/admin/new_problems/8770,https://d2beiqkhq929f0.cloudfront.net/videos/videos/000/000/693/original/XOR_proof_numbers_conv.mp4?1614257391
851,Div by 9,http://www.scaler.com/admin/new_problems/851,https://d2beiqkhq929f0.cloudfront.net/videos/videos/000/000/694/original/Div_by_9_conv.mp4?1614257569
10038,Sum Array,http://www.scaler.com/admin/new_problems/10038,https://d2beiqkhq929f0.cloudfront.net/videos/videos/000/000/695/original/Sum_array_conv.mp4?1614257689
10251,Inferno,http://www.scaler.com/admin/new_problems/10251,https://d2beiqkhq929f0.cloudfront.net/videos/videos/000/000/696/original/Inferno_conv.mp4?1614257896
9281,Least Occurring Character!,http://www.scaler.com/admin/new_problems/9281,https://d2beiqkhq929f0.cloudfront.net/videos/videos/000/000/702/original/Least_Occurring_character_conv.mp4?1614258857
9355,Bi-connected Xor,http://www.scaler.com/admin/new_problems/9355,https://d2beiqkhq929f0.cloudfront.net/videos/videos/000/000/703/original/Bi_connected_xor_conv.mp4?1614259133
522,Compare Sorted Subarrays,http://www.scaler.com/admin/new_problems/522,https://d2beiqkhq929f0.cloudfront.net/videos/videos/000/000/704/original/Compare_sorted_subarrays_conv.mp4?1614259398
10269,Connect Points,http://www.scaler.com/admin/new_problems/10269,https://d2beiqkhq929f0.cloudfront.net/videos/videos/000/000/705/original/Connect_points_conv.mp4?1614259591
9815,In a trouble,http://www.scaler.com/admin/new_problems/9815,https://d2beiqkhq929f0.cloudfront.net/videos/videos/000/000/706/original/In_a_trouble__conv.mp4?1614259751
9246,Maximum XOR Subarray,http://www.scaler.com/admin/new_problems/9246,https://d2beiqkhq929f0.cloudfront.net/videos/videos/000/000/708/original/Maximum_XOR_Subarray_conv.mp4?1614269676
9262,Range Minimum Query,http://www.scaler.com/admin/new_problems/9262,https://d2beiqkhq929f0.cloudfront.net/videos/videos/000/000/709/original/Range_Minimum_Query_conv.mp4?1614269954
6093,Bob and Queries,http://www.scaler.com/admin/new_problems/6093,https://d2beiqkhq929f0.cloudfront.net/videos/videos/000/000/710/original/Bob_and_Queries_conv.mp4?1614270071
9257,Binary updates,http://www.scaler.com/admin/new_problems/9257,https://d2beiqkhq929f0.cloudfront.net/videos/videos/000/000/711/original/Binary_Updates_conv.mp4?1614270157
9313,Special Sums,http://www.scaler.com/admin/new_problems/9313,https://d2beiqkhq929f0.cloudfront.net/videos/videos/000/000/712/original/Special_Sums_conv.mp4?1614270267
9317,Max Sum Queries,http://www.scaler.com/admin/new_problems/9317,https://d2beiqkhq929f0.cloudfront.net/videos/videos/000/000/713/original/Max_Sum_Queries_conv.mp4?1614270394
9387,K-th smallest in a range,http://www.scaler.com/admin/new_problems/9387,https://d2beiqkhq929f0.cloudfront.net/videos/videos/000/000/714/original/K-th_smallest_in_a_range__%28Range_Order_Statistics%29_conv.mp4?1614270471
4115,Another Count Rectangles,http://www.scaler.com/admin/new_problems/4115,https://d2beiqkhq929f0.cloudfront.net/videos/videos/000/000/719/original/Another_count_rectangles_2_conv.mp4?1615185876
4194,B Closest Points to Origin,http://www.scaler.com/admin/new_problems/4194,https://d2beiqkhq929f0.cloudfront.net/videos/videos/000/000/720/original/B_closest_point_to_origin_3_conv.mp4?1615185971
3841,XOR Queries on Tree,http://www.scaler.com/admin/new_problems/3841,https://d2beiqkhq929f0.cloudfront.net/videos/videos/000/000/721/original/XOR_queries_on_a_tree_2_conv.mp4?1615186348
6528,Petrol prices,http://www.scaler.com/admin/new_problems/6528,https://d2beiqkhq929f0.cloudfront.net/videos/videos/000/000/722/original/Petrol_prices_2_conv.mp4?1615186417
991,Shaggy likes medians,http://www.scaler.com/admin/new_problems/991,https://d2beiqkhq929f0.cloudfront.net/videos/videos/000/000/723/original/Shaggy_likes_medians_2_conv.mp4?1615186459
9251,Playing Regions,http://www.scaler.com/admin/new_problems/9251,https://d2beiqkhq929f0.cloudfront.net/videos/videos/000/000/724/original/Playing_regions_2_conv.mp4?1615186544
9429,Remove Subsequences,http://www.scaler.com/admin/new_problems/9429,https://d2beiqkhq929f0.cloudfront.net/videos/videos/000/000/725/original/Remove_subarrays_conv.mp4?1615186763
5643,Paint the Houses,http://www.scaler.com/admin/new_problems/5643,https://d2beiqkhq929f0.cloudfront.net/videos/videos/000/000/726/original/Paint_the_houses_2_conv.mp4?1615186927
9432,String Function,http://www.scaler.com/admin/new_problems/9432,https://d2beiqkhq929f0.cloudfront.net/videos/videos/000/000/728/original/String_function_2_conv.mp4?1615187090
9731,Root the Binary Tree,http://www.scaler.com/admin/new_problems/9731,https://d2beiqkhq929f0.cloudfront.net/videos/videos/000/000/729/original/Root_the_binary_tree_2_conv.mp4?1615187138
9673,Lovely Binary Tree,http://www.scaler.com/admin/new_problems/9673,https://d2beiqkhq929f0.cloudfront.net/videos/videos/000/000/730/original/Lovely_binary_tree_2_conv.mp4?1615187182
11231,Binary to Decimal,http://www.scaler.com/admin/new_problems/11231,https://d2beiqkhq929f0.cloudfront.net/videos/videos/000/000/733/original/Binary_to_decimal__conv.mp4?1615187523
11232,Swap digits,http://www.scaler.com/admin/new_problems/11232,https://d2beiqkhq929f0.cloudfront.net/videos/videos/000/000/734/original/Swap_digits__conv.mp4?1615187551
11237,Palindromic Integer,http://www.scaler.com/admin/new_problems/11237,https://d2beiqkhq929f0.cloudfront.net/videos/videos/000/000/735/original/Palindromic_integer__conv.mp4?1615187589
11248,Integer in Words,http://www.scaler.com/admin/new_problems/11248,https://d2beiqkhq929f0.cloudfront.net/videos/videos/000/000/736/original/Integer_in_words_conv.mp4?1615187632
11249,Easy Power,http://www.scaler.com/admin/new_problems/11249,https://d2beiqkhq929f0.cloudfront.net/videos/videos/000/000/737/original/Easy_power__conv.mp4?1615187717
11291,Is It Prime?,http://www.scaler.com/admin/new_problems/11291,https://d2beiqkhq929f0.cloudfront.net/videos/videos/000/000/738/original/Is_it_prime_conv.mp4?1615187921
11292,Is It Perfect?,http://www.scaler.com/admin/new_problems/11292,https://d2beiqkhq929f0.cloudfront.net/videos/videos/000/000/739/original/Is_it_perfect_2__conv.mp4?1615187993
11468,Toggle Case,http://www.scaler.com/admin/new_problems/11468,https://d2beiqkhq929f0.cloudfront.net/videos/videos/000/000/740/original/Toggle_case_2_conv.mp4?1615188041
11463,Matrix Subtraction,http://www.scaler.com/admin/new_problems/11463,https://d2beiqkhq929f0.cloudfront.net/videos/videos/000/000/741/original/Matrix_subtraction__conv.mp4?1615188087
11464,Matrix Multiplication,http://www.scaler.com/admin/new_problems/11464,https://d2beiqkhq929f0.cloudfront.net/videos/videos/000/000/742/original/Matrix_multiplication__conv.mp4?1615188141
11465,Main Diagonal Sum,http://www.scaler.com/admin/new_problems/11465,https://d2beiqkhq929f0.cloudfront.net/videos/videos/000/000/743/original/Main_diagonal_sum_conv.mp4?1615188173
11466,Minor Diagonal Sum,http://www.scaler.com/admin/new_problems/11466,https://d2beiqkhq929f0.cloudfront.net/videos/videos/000/000/744/original/Minor_diagonal_sum__conv.mp4?1615188204
11467,Lower Triangular Matrix,http://www.scaler.com/admin/new_problems/11467,https://d2beiqkhq929f0.cloudfront.net/videos/videos/000/000/745/original/Lower_triangular_matrix__conv.mp4?1615188240
11807,Lexicographically biggest,http://www.scaler.com/admin/new_problems/11807,https://d2beiqkhq929f0.cloudfront.net/videos/videos/000/000/746/original/Lexicographically_biggest_2_conv.mp4?1615188297
10450,Stair Pattern,http://www.scaler.com/admin/new_problems/10450,https://d2beiqkhq929f0.cloudfront.net/videos/videos/000/000/747/original/Stair_pattern_2_conv.mp4?1615188352
10457,Numeric Stair Pattern,http://www.scaler.com/admin/new_problems/10457,https://d2beiqkhq929f0.cloudfront.net/videos/videos/000/000/748/original/Stair_pattern_2_conv.mp4?1615188372
10459,Inverted Numeric Pyramid,http://www.scaler.com/admin/new_problems/10459,https://d2beiqkhq929f0.cloudfront.net/videos/videos/000/000/749/original/Inverted_numeric_pyramid_2_conv.mp4?1615188472
10460,Full Numeric Pyramid,http://www.scaler.com/admin/new_problems/10460,https://d2beiqkhq929f0.cloudfront.net/videos/videos/000/000/750/original/Full_numeric_pyramid_2_conv.mp4?1615188526
11252,Perfect Numbers,http://www.scaler.com/admin/new_problems/11252,https://d2beiqkhq929f0.cloudfront.net/videos/videos/000/000/751/original/Is_it_perfect_2__conv.mp4?1615188558
11380,First vs Last,http://www.scaler.com/admin/new_problems/11380,https://d2beiqkhq929f0.cloudfront.net/videos/videos/000/000/752/original/First_vs_Last_conv.mp4?1615188607
11381,Sum the digits,http://www.scaler.com/admin/new_problems/11381,https://d2beiqkhq929f0.cloudfront.net/videos/videos/000/000/753/original/Sum_the_digits_conv.mp4?1615188665
11425,Even Odd Elements,http://www.scaler.com/admin/new_problems/11425,https://d2beiqkhq929f0.cloudfront.net/videos/videos/000/000/755/original/Even_odd_elements__conv.mp4?1615188796
11489,Count Duplicates,http://www.scaler.com/admin/new_problems/11489,https://d2beiqkhq929f0.cloudfront.net/videos/videos/000/000/756/original/Count_duplicates__conv.mp4?1615188881
11488,Find Determinant,http://www.scaler.com/admin/new_problems/11488,https://d2beiqkhq929f0.cloudfront.net/videos/videos/000/000/757/original/Find_determinant__conv.mp4?1615188913
11617,Row & Column Sums,http://www.scaler.com/admin/new_problems/11617,https://d2beiqkhq929f0.cloudfront.net/videos/videos/000/000/759/original/Rows_and_columns_sum_conv.mp4?1615188991
11615,Matrix Transpose,http://www.scaler.com/admin/new_problems/11615,https://d2beiqkhq929f0.cloudfront.net/videos/videos/000/000/760/original/Matrix_transpose_conv.mp4?1615189024
11456,Remove that,http://www.scaler.com/admin/new_problems/11456,https://d2beiqkhq929f0.cloudfront.net/videos/videos/000/000/761/original/Insert_that_conv.mp4?1615189069
11458,Insert that,http://www.scaler.com/admin/new_problems/11458,https://d2beiqkhq929f0.cloudfront.net/videos/videos/000/000/762/original/Insert_that_conv.mp4?1615189160
11556,Left Rotation,http://www.scaler.com/admin/new_problems/11556,https://d2beiqkhq929f0.cloudfront.net/videos/videos/000/000/763/original/Left_rotation_conv.mp4?1615189222
11676,Remove Duplicate Characters,http://www.scaler.com/admin/new_problems/11676,https://d2beiqkhq929f0.cloudfront.net/videos/videos/000/000/764/original/Remove_duplicate_characters_2_conv.mp4?1615189293
11460,Compare the strings,http://www.scaler.com/admin/new_problems/11460,https://d2beiqkhq929f0.cloudfront.net/videos/videos/000/000/765/original/Compare_the_strings_conv.mp4?1615189320
10354,Is it Triangle?,http://www.scaler.com/admin/new_problems/10354,https://d2beiqkhq929f0.cloudfront.net/videos/videos/000/000/766/original/Is_it_triangle_conv.mp4?1615189365
10351,Leap year?,http://www.scaler.com/admin/new_problems/10351,https://d2beiqkhq929f0.cloudfront.net/videos/videos/000/000/767/original/Leap_year_conv.mp4?1615189437
11674,Percentage and Grade,http://www.scaler.com/admin/new_problems/11674,https://d2beiqkhq929f0.cloudfront.net/videos/videos/000/000/768/original/Percentage_and_grade__conv.mp4?1615189473
10465,Sum of evens!,http://www.scaler.com/admin/new_problems/10465,https://d2beiqkhq929f0.cloudfront.net/videos/videos/000/000/769/original/Sum_of_even_and_odd.mov?1615189525
11220,Sum of Odds,http://www.scaler.com/admin/new_problems/11220,https://d2beiqkhq929f0.cloudfront.net/videos/videos/000/000/770/original/Sum_of_even_and_odd_conv.mp4?1615189575
11228,Multiplication Table!,http://www.scaler.com/admin/new_problems/11228,https://d2beiqkhq929f0.cloudfront.net/videos/videos/000/000/771/original/Multiplication_Table_conv.mp4?1615189601
11221,From top to down,http://www.scaler.com/admin/new_problems/11221,https://d2beiqkhq929f0.cloudfront.net/videos/videos/000/000/772/original/From_top_to_down_conv.mp4?1615189633
11222,From down to top,http://www.scaler.com/admin/new_problems/11222,https://d2beiqkhq929f0.cloudfront.net/videos/videos/000/000/773/original/From_top_to_down_conv.mp4?1615189664
11223,Summation Game,http://www.scaler.com/admin/new_problems/11223,https://d2beiqkhq929f0.cloudfront.net/videos/videos/000/000/774/original/From_top_to_down_conv.mp4?1615189690
11375,Even Game,http://www.scaler.com/admin/new_problems/11375,https://d2beiqkhq929f0.cloudfront.net/videos/videos/000/000/775/original/Even_game_odd_game.mov?1615189737
11377,Odd Game,http://www.scaler.com/admin/new_problems/11377,https://d2beiqkhq929f0.cloudfront.net/videos/videos/000/000/776/original/Even_game_odd_game_conv.mp4?1615189771
11379,Count the digits,http://www.scaler.com/admin/new_problems/11379,https://d2beiqkhq929f0.cloudfront.net/videos/videos/000/000/777/original/Count_the_digits__conv.mp4?1615189801
11427,Second Largest,http://www.scaler.com/admin/new_problems/11427,https://d2beiqkhq929f0.cloudfront.net/videos/videos/000/000/778/original/Second_largest_2_conv.mp4?1615194932
11554,Reverse the Array,http://www.scaler.com/admin/new_problems/11554,https://d2beiqkhq929f0.cloudfront.net/videos/videos/000/000/779/original/Reverse_the_array_conv.mp4?1615194967
11555,Print in Reverse,http://www.scaler.com/admin/new_problems/11555,https://d2beiqkhq929f0.cloudfront.net/videos/videos/000/000/780/original/Reverse_the_array_conv.mp4?1615194997
11573,Pair Count,http://www.scaler.com/admin/new_problems/11573,https://d2beiqkhq929f0.cloudfront.net/videos/videos/000/000/781/original/Pair_count__conv.mp4?1615195021
11618,Frequency count,http://www.scaler.com/admin/new_problems/11618,https://d2beiqkhq929f0.cloudfront.net/videos/videos/000/000/782/original/Frequency_count_2_conv.mp4?1615195052
11459,Is is Palindrome?,http://www.scaler.com/admin/new_problems/11459,https://d2beiqkhq929f0.cloudfront.net/videos/videos/000/000/783/original/Is_it_palindrome__conv.mp4?1615195099
11443,Super Maxima,http://www.scaler.com/admin/new_problems/11443,https://d2beiqkhq929f0.cloudfront.net/videos/videos/000/000/784/original/Super_maxima_2_conv.mp4?1615195125
11444,Even Remainder,http://www.scaler.com/admin/new_problems/11444,https://d2beiqkhq929f0.cloudfront.net/videos/videos/000/000/785/original/Even_remainder_2_conv.mp4?1615195150
11392,Nearest Square-Cube Pair,http://www.scaler.com/admin/new_problems/11392,https://d2beiqkhq929f0.cloudfront.net/videos/videos/000/000/786/original/Nearest_square_cube_pair_2_conv.mp4?1615195193
11395,Farthest Square-Cube Pair,http://www.scaler.com/admin/new_problems/11395,https://d2beiqkhq929f0.cloudfront.net/videos/videos/000/000/787/original/Farthest_square_cube_pair_2_conv.mp4?1615195217
11867,Profit Maximisation,http://www.scaler.com/admin/new_problems/11867,https://d2beiqkhq929f0.cloudfront.net/videos/videos/000/000/788/original/Bank_account_2_conv.mp4?1615195253
10867,Bank Account,http://www.scaler.com/admin/new_problems/10867,https://d2beiqkhq929f0.cloudfront.net/videos/videos/000/000/789/original/Bank_account_2_conv.mp4?1615195295
11768,Rock Paper Scissor Variant,http://www.scaler.com/admin/new_problems/11768,https://d2beiqkhq929f0.cloudfront.net/videos/videos/000/000/790/original/Rock_Paper_Scissors_variant__conv.mp4?1615195508
11763,Coding Rating,http://www.scaler.com/admin/new_problems/11763,https://d2beiqkhq929f0.cloudfront.net/videos/videos/000/000/791/original/Coding_rating_conv.mp4?1615195540
11545,Frequency Robot,http://www.scaler.com/admin/new_problems/11545,https://d2beiqkhq929f0.cloudfront.net/videos/videos/000/000/792/original/Frequency_robot_3_conv.mp4?1615195576
11577,Generate Array,http://www.scaler.com/admin/new_problems/11577,https://d2beiqkhq929f0.cloudfront.net/videos/videos/000/000/793/original/Generate_array_conv.mp4?1615195603
11419,Alternating Subarrays,http://www.scaler.com/admin/new_problems/11419,https://d2beiqkhq929f0.cloudfront.net/videos/videos/000/000/794/original/Alternating_subarrays__conv.mp4?1615195635
10878,Different Pattern,http://www.scaler.com/admin/new_problems/10878,https://d2beiqkhq929f0.cloudfront.net/videos/videos/000/000/795/original/Different_pattern_conv.mp4?1615195663
11396,Pseudo Palindromic Numbers,http://www.scaler.com/admin/new_problems/11396,https://d2beiqkhq929f0.cloudfront.net/videos/videos/000/000/796/original/Pseudo_palindromic_numbers_2_conv.mp4?1615195701
11485,Largest OR,http://www.scaler.com/admin/new_problems/11485,https://d2beiqkhq929f0.cloudfront.net/videos/videos/000/000/797/original/Largest_OR_2_conv.mp4?1615195727
11428,Removing Subarray,http://www.scaler.com/admin/new_problems/11428,https://d2beiqkhq929f0.cloudfront.net/videos/videos/000/000/798/original/Removing_subarray_2_conv.mp4?1615195762
11486,Matrix Game,http://www.scaler.com/admin/new_problems/11486,https://d2beiqkhq929f0.cloudfront.net/videos/videos/000/000/799/original/Matrix_game_conv.mp4?1615195793
11668,Matrix And Queries,http://www.scaler.com/admin/new_problems/11668,https://d2beiqkhq929f0.cloudfront.net/videos/videos/000/000/800/original/Matrix_and_queries__conv.mp4?1615195820
11766,Gross Salary,http://www.scaler.com/admin/new_problems/11766,https://d2beiqkhq929f0.cloudfront.net/videos/videos/000/000/801/original/Gross_salary_conv.mp4?1615195845
11821,Trim From Ends,http://www.scaler.com/admin/new_problems/11821,https://d2beiqkhq929f0.cloudfront.net/videos/videos/000/000/802/original/Trim_from_ends_2_conv.mp4?1615195874
11540,Last Occurrence of Word,http://www.scaler.com/admin/new_problems/11540,https://d2beiqkhq929f0.cloudfront.net/videos/videos/000/000/803/original/Least_occurrence_of_word_2_conv.mp4?1615195906
11736,Largest Even,http://www.scaler.com/admin/new_problems/11736,https://d2beiqkhq929f0.cloudfront.net/videos/videos/000/000/804/original/Largest_even_conv.mp4?1615195945
11657,Remove First Occurrence,http://www.scaler.com/admin/new_problems/11657,https://d2beiqkhq929f0.cloudfront.net/videos/videos/000/000/805/original/Remove_occurrences__conv.mp4?1615195994
11659,Remove Last Occurrence,http://www.scaler.com/admin/new_problems/11659,https://d2beiqkhq929f0.cloudfront.net/videos/videos/000/000/806/original/Remove_occurrences__conv.mp4?1615196027
11663,Remove All Occurrences,http://www.scaler.com/admin/new_problems/11663,https://d2beiqkhq929f0.cloudfront.net/videos/videos/000/000/807/original/Remove_occurrences__conv.mp4?1615196059
11753,Profit Or Loss,http://www.scaler.com/admin/new_problems/11753,https://d2beiqkhq929f0.cloudfront.net/videos/videos/000/000/808/original/Profit_or_loss_2_conv.mp4?1615196112
11665,Max of two,http://www.scaler.com/admin/new_problems/11665,https://d2beiqkhq929f0.cloudfront.net/videos/videos/000/000/809/original/Find_max_min_conv.mp4?1615196170
11666,Min of two,http://www.scaler.com/admin/new_problems/11666,https://d2beiqkhq929f0.cloudfront.net/videos/videos/000/000/810/original/Find_max_min_conv.mp4?1615196189
11667,Min of three,http://www.scaler.com/admin/new_problems/11667,https://d2beiqkhq929f0.cloudfront.net/videos/videos/000/000/811/original/Find_max_min_conv.mp4?1615196215
11669,Max of three,http://www.scaler.com/admin/new_problems/11669,https://d2beiqkhq929f0.cloudfront.net/videos/videos/000/000/812/original/Find_max_min_conv.mp4?1615196240
11438,Uniquely Existing Elements,http://www.scaler.com/admin/new_problems/11438,https://d2beiqkhq929f0.cloudfront.net/videos/videos/000/000/813/original/Uniquely_existing_elements__conv.mp4?1615196348
11655,Divisible Pairs,http://www.scaler.com/admin/new_problems/11655,https://d2beiqkhq929f0.cloudfront.net/videos/videos/000/000/815/original/Divisible_pairs_2_conv.mp4?1615196399
12008,Binary Number Queries,http://www.scaler.com/admin/new_problems/12008,https://d2beiqkhq929f0.cloudfront.net/videos/videos/000/000/816/original/Binary_number_queries_2_conv.mp4?1615196427
9992,Little Ponny and Maximum Element,http://www.scaler.com/admin/new_problems/9992,https://d2beiqkhq929f0.cloudfront.net/videos/videos/000/000/817/original/Little_pony_and_max_element_conv.mp4?1615196466
11758,Special String,http://www.scaler.com/admin/new_problems/11758,https://d2beiqkhq929f0.cloudfront.net/videos/videos/000/000/818/original/Special_string__conv.mp4?1615196498
11662,Students Marks,http://www.scaler.com/admin/new_problems/11662,https://d2beiqkhq929f0.cloudfront.net/videos/videos/000/000/819/original/Students_marks_conv.mp4?1615196523
11816,Custom Arrangement,http://www.scaler.com/admin/new_problems/11816,https://d2beiqkhq929f0.cloudfront.net/videos/videos/000/000/820/original/Custom_arrangement_2_conv.mp4?1615196554
11770,Min K-repeatation,http://www.scaler.com/admin/new_problems/11770,https://d2beiqkhq929f0.cloudfront.net/videos/videos/000/000/821/original/Min_K_repetition_2_conv.mp4?1615196589
9912,Little Ponny and Palindromes!,http://www.scaler.com/admin/new_problems/9912,https://d2beiqkhq929f0.cloudfront.net/videos/videos/000/000/823/original/Little_pony_and_palindrome__conv.mp4?1615196642
11769,Submatrix AND,http://www.scaler.com/admin/new_problems/11769,https://d2beiqkhq929f0.cloudfront.net/videos/videos/000/000/824/original/Sub_matrix_and_2_conv.mp4?1615196681
12088,Maximal Collection,http://www.scaler.com/admin/new_problems/12088,https://d2beiqkhq929f0.cloudfront.net/videos/videos/000/000/825/original/Maximal_collection__conv.mp4?1615196708
11652,Char Index,http://www.scaler.com/admin/new_problems/11652,https://d2beiqkhq929f0.cloudfront.net/videos/videos/000/000/826/original/Char_index_2_conv.mp4?1615196749
6272,LCM,http://www.scaler.com/admin/new_problems/6272,https://d2beiqkhq929f0.cloudfront.net/videos/videos/000/000/827/original/LCM_conv.mp4?1615197470
11764,Is It Leap Year?,http://www.scaler.com/admin/new_problems/11764,https://d2beiqkhq929f0.cloudfront.net/videos/videos/000/000/828/original/Leap_year_conv.mp4?1615205229
11389,Factor Game,http://www.scaler.com/admin/new_problems/11389,https://d2beiqkhq929f0.cloudfront.net/videos/videos/000/000/829/original/Factor_game_2_conv.mp4?1615205627
1172,City Walk,http://www.scaler.com/admin/new_problems/1172,https://d2beiqkhq929f0.cloudfront.net/videos/videos/000/000/830/original/City_Walk_conv.mp4?1615275598
9441,Magical String & Prefixes,http://www.scaler.com/admin/new_problems/9441,https://d2beiqkhq929f0.cloudfront.net/videos/videos/000/000/831/original/Magical_Strings_conv.mp4?1615275672
9236,Min Cost Path,http://www.scaler.com/admin/new_problems/9236,https://d2beiqkhq929f0.cloudfront.net/videos/videos/000/000/832/original/MinCostPath_conv.mp4?1615275681
9755,Trip to Disney Land,http://www.scaler.com/admin/new_problems/9755,https://d2beiqkhq929f0.cloudfront.net/videos/videos/000/000/833/original/Trip_to_Disneyland_conv.mp4?1615275719
10461,Armstrong Numbers!,http://www.scaler.com/admin/new_problems/10461,https://d2beiqkhq929f0.cloudfront.net/videos/videos/000/000/834/original/ArmStrongUpdated_conv.mp4?1615305452
11765,Electricity Bill,http://www.scaler.com/admin/new_problems/11765,https://d2beiqkhq929f0.cloudfront.net/videos/videos/000/000/836/original/Edge_Electricity_Bill_conv.mp4?1615305612
11673,Which triangle?,http://www.scaler.com/admin/new_problems/11673,https://d2beiqkhq929f0.cloudfront.net/videos/videos/000/000/837/original/Edge_Triangle._type_conv.mp4?1615306029
11218,Reverse Game,http://www.scaler.com/admin/new_problems/11218,https://d2beiqkhq929f0.cloudfront.net/videos/videos/000/000/838/original/Edge_reverse_number_conv.mp4?1615306111
11612,Pascal Triangle,http://www.scaler.com/admin/new_problems/11612,https://d2beiqkhq929f0.cloudfront.net/videos/videos/000/000/839/original/PascalTriangle_conv.mp4?1615306243
11800,Low to High,http://www.scaler.com/admin/new_problems/11800,https://d2beiqkhq929f0.cloudfront.net/videos/videos/000/000/840/original/Edge_Low_to_High.mov?1615306382
11803,Reverse the word,http://www.scaler.com/admin/new_problems/11803,https://d2beiqkhq929f0.cloudfront.net/videos/videos/000/000/841/original/Edge_Reverse_The_Word_conv.mp4?1615306439
11819,First Occurrence Of Word,http://www.scaler.com/admin/new_problems/11819,https://d2beiqkhq929f0.cloudfront.net/videos/videos/000/000/842/original/Edge_first_occurrence_string_conv.mp4?1615306547
11462,Is It Identity Matrix?,http://www.scaler.com/admin/new_problems/11462,https://d2beiqkhq929f0.cloudfront.net/videos/videos/000/000/843/original/Edge_Identity_Matrix_conv.mp4?1615306975
11751,Sides Of Valid Triangle?,http://www.scaler.com/admin/new_problems/11751,https://d2beiqkhq929f0.cloudfront.net/videos/videos/000/000/844/original/Edge_Triangle_Valid_conv.mp4?1615307119
11761,Roots Of Quadratic Equation,http://www.scaler.com/admin/new_problems/11761,https://d2beiqkhq929f0.cloudfront.net/videos/videos/000/000/845/original/Edge_Quadratic_equations_conv.mp4?1615307231
11570,Separate Odd Even,http://www.scaler.com/admin/new_problems/11570,https://d2beiqkhq929f0.cloudfront.net/videos/videos/000/000/846/original/EdgeEvenOddArraysUPD_conv.mp4?1615307327
11461,Merge 2 Sorted,http://www.scaler.com/admin/new_problems/11461,https://d2beiqkhq929f0.cloudfront.net/videos/videos/000/000/848/original/Edge_Merge_Two_arrays_conv.mp4?1615307437
11535,Max Occurring,http://www.scaler.com/admin/new_problems/11535,https://d2beiqkhq929f0.cloudfront.net/videos/videos/000/000/849/original/Edge_Highest_FrequencyCharacter_conv.mp4?1615307669
11735,Replace Character,http://www.scaler.com/admin/new_problems/11735,https://d2beiqkhq929f0.cloudfront.net/videos/videos/000/000/850/original/Edge_replace_occurrences_conv.mp4?1615307699
11491,First Occurrence,http://www.scaler.com/admin/new_problems/11491,https://d2beiqkhq929f0.cloudfront.net/videos/videos/000/000/851/original/Edge_first_occurrence_string_conv.mp4?1615307794
976,Word Frequency,http://www.scaler.com/admin/new_problems/976,https://d2beiqkhq929f0.cloudfront.net/videos/videos/000/000/852/original/WordFrequency_solution_conv.mov?1615724362
1028,Transform CSV,http://www.scaler.com/admin/new_problems/1028,https://d2beiqkhq929f0.cloudfront.net/videos/videos/000/000/853/original/TransformCSV_solution_conv.mov?1615724382
9326,Articulation Points,http://www.scaler.com/admin/new_problems/9326,https://d2beiqkhq929f0.cloudfront.net/videos/videos/000/000/855/original/Articulation_Points_conv.mp4?1615815374
4757,Bridges in a graph,http://www.scaler.com/admin/new_problems/4757,https://d2beiqkhq929f0.cloudfront.net/videos/videos/000/000/856/original/Bridges_in_a_graph_conv.mp4?1615815446
9338,Diameter of Bridge Tree,http://www.scaler.com/admin/new_problems/9338,https://d2beiqkhq929f0.cloudfront.net/videos/videos/000/000/857/original/Diameter_of_Bridge_Tree_conv.mp4?1615815669
6491,Destroy Nodes,http://www.scaler.com/admin/new_problems/6491,https://d2beiqkhq929f0.cloudfront.net/videos/videos/000/000/858/original/Destroy_Nodes_conv.mp4?1615815718
4131,Single Element in a Sorted Array,http://www.scaler.com/admin/new_problems/4131,https://d2beiqkhq929f0.cloudfront.net/videos/videos/000/000/859/original/Single_element_in_sorted_array_updated_conv.mp4?1616000805
9827,Rearrange array,http://www.scaler.com/admin/new_problems/9827,https://d2beiqkhq929f0.cloudfront.net/videos/videos/000/000/860/original/Rearrange_Array_updated_conv.mp4?1616001025
9320,Buying Candies 2,http://www.scaler.com/admin/new_problems/9320,https://d2beiqkhq929f0.cloudfront.net/videos/videos/000/000/861/original/Buying_candies_II__conv.mp4?1617624749
9274,3 Strings,http://www.scaler.com/admin/new_problems/9274,https://d2beiqkhq929f0.cloudfront.net/videos/videos/000/000/863/original/3_strings_conv.mp4?1617624861
1157,All Subarrays ,http://www.scaler.com/admin/new_problems/1157,https://d2beiqkhq929f0.cloudfront.net/videos/videos/000/000/864/original/All_subarrays_conv.mp4?1617624915
4824,Length of Longest Fibonacci Subsequence,http://www.scaler.com/admin/new_problems/4824,https://d2beiqkhq929f0.cloudfront.net/videos/videos/000/000/865/original/Length_of_longest_Fibonacci_subsequence_2_conv.mp4?1617624979
4114,Count of pairs with the given sum,http://www.scaler.com/admin/new_problems/4114,https://d2beiqkhq929f0.cloudfront.net/videos/videos/000/000/937/original/CountPairsWithGivenSum_Medium_Optimized.mov?1620403848
1077,Xor queries,http://www.scaler.com/admin/new_problems/1077,https://d2beiqkhq929f0.cloudfront.net/videos/videos/000/000/941/original/XOR_QUERIES_Optimized.MP4?1620656647
884,Smallest Prefix String,http://www.scaler.com/admin/new_problems/884,https://d2beiqkhq929f0.cloudfront.net/videos/videos/000/000/942/original/Smallest_Prefix_String_Optimized.MP4?1620656716
4349,Maximum Rectangle,http://www.scaler.com/admin/new_problems/4349,https://d2beiqkhq929f0.cloudfront.net/videos/videos/000/000/943/original/Maximum_Rectangle_Optimized.MP4?1620656933
4353,Infix to Postfix,http://www.scaler.com/admin/new_problems/4353,https://d2beiqkhq929f0.cloudfront.net/videos/videos/000/000/944/original/InfixToPostfix720p_Med_Optimized.mov?1620657005
6288,XOR TRIPLETS,http://www.scaler.com/admin/new_problems/6288,https://d2beiqkhq929f0.cloudfront.net/videos/videos/000/000/945/original/XOR_Triplets_conv_Optimized.mp4?1620657092
4441,Longest Palindromic Subsequence,http://www.scaler.com/admin/new_problems/4441,https://d2beiqkhq929f0.cloudfront.net/videos/videos/000/000/946/original/LongestPalindromicSubsequence_Optimized.mov?1620657168
9424,Construct Roads,http://www.scaler.com/admin/new_problems/9424,https://d2beiqkhq929f0.cloudfront.net/videos/videos/000/000/947/original/Construct_Roads_Optimized.MOV?1620657223
11851,Is Rectangle?,http://www.scaler.com/admin/new_problems/11851,https://d2beiqkhq929f0.cloudfront.net/videos/videos/000/000/955/original/Is_rectangle_conv.mp4?1620753789
11883,Balance Array,http://www.scaler.com/admin/new_problems/11883,https://d2beiqkhq929f0.cloudfront.net/videos/videos/000/000/956/original/Balance_arrays_conv.mp4?1620755094
11907,Maximum Path in Triangle,http://www.scaler.com/admin/new_problems/11907,https://d2beiqkhq929f0.cloudfront.net/videos/videos/000/000/958/original/Max_path_in_a_triangle_conv.mp4?1620755355
4099,Number of Digit One,http://www.scaler.com/admin/new_problems/4099,https://d2beiqkhq929f0.cloudfront.net/videos/videos/000/000/960/original/Number_of_digit1_conv.mp4?1620755708
4104,Find if two rectangles overlap,http://www.scaler.com/admin/new_problems/4104,https://d2beiqkhq929f0.cloudfront.net/videos/videos/000/000/961/original/Overlappping_rectangles_conv.mp4?1620755780
11350,Spiral Order Matrix 2,http://www.scaler.com/admin/new_problems/11350,https://d2beiqkhq929f0.cloudfront.net/videos/videos/000/000/962/original/Spiral_order_matrix_2_conv.mp4?1620755894
4219,Points on same line,http://www.scaler.com/admin/new_problems/4219,https://d2beiqkhq929f0.cloudfront.net/videos/videos/000/000/965/original/Points_on_Same_Line_conv.mp4?1620757797
11940,XOR-ing the Subarrays!,http://www.scaler.com/admin/new_problems/11940,https://d2beiqkhq929f0.cloudfront.net/videos/videos/000/000/967/original/Xoring_subarray_conv.mp4?1621854064
11891,Minimum Appends for Palindrome!,http://www.scaler.com/admin/new_problems/11891,https://d2beiqkhq929f0.cloudfront.net/videos/videos/000/000/968/original/Minimum_appends_For_palindrome_conv.mp4?1621854102
9931,Account Manager,http://www.scaler.com/admin/new_problems/9931,https://d2beiqkhq929f0.cloudfront.net/videos/videos/000/000/969/original/Account_manager_conv.mp4?1621854148
4191,Count of smaller numbers after self,http://www.scaler.com/admin/new_problems/4191,https://d2beiqkhq929f0.cloudfront.net/videos/videos/000/001/023/original/Count_smaller.mov_conv.mp4?1622461357
447,Sheldon and Pair of Cities ,http://www.scaler.com/admin/new_problems/447,https://d2beiqkhq929f0.cloudfront.net/videos/videos/000/001/024/original/Floyd_Warshall_conv.mp4?1622461837
453,Sum the Difference,http://www.scaler.com/admin/new_problems/453,https://d2beiqkhq929f0.cloudfront.net/videos/videos/000/001/025/original/Sum-the-difference.mov_conv.mp4?1622462049
11182,Rotation Game,http://www.scaler.com/admin/new_problems/11182,https://d2beiqkhq929f0.cloudfront.net/videos/videos/000/001/026/original/Rotation_game.mov_conv.mp4?1622462394
8644,Maximum & Minimum Magic,http://www.scaler.com/admin/new_problems/8644,https://d2beiqkhq929f0.cloudfront.net/videos/videos/000/001/059/original/Maximum_and_minimum_magic.mov_conv.mp4?1622472155
9962,Collect Resources,http://www.scaler.com/admin/new_problems/9962,https://d2beiqkhq929f0.cloudfront.net/videos/videos/000/001/125/original/Collecting_resources_conv.mp4?1624685639
4366,Sum of min and max,http://www.scaler.com/admin/new_problems/4366,https://d2beiqkhq929f0.cloudfront.net/videos/videos/000/001/129/original/Sum_of_max_min_conv.mp4?1624685943
4036,Max Chunks To Make Sorted,http://www.scaler.com/admin/new_problems/4036,https://d2beiqkhq929f0.cloudfront.net/videos/videos/000/001/133/original/maxChunks_conv.mp4?1624696657
363,Make String Pallindrome,http://www.scaler.com/admin/new_problems/363,https://d2beiqkhq929f0.cloudfront.net/videos/videos/000/001/135/original/KMP_Output.mp4?1625168715
376,Commutable Islands,http://www.scaler.com/admin/new_problems/376,https://d2beiqkhq929f0.cloudfront.net/videos/videos/000/001/181/original/CommutableIsland_updated_conv.mp4?1625651810
4110,Pair Sum divisible by M,http://www.scaler.com/admin/new_problems/4110,https://d2beiqkhq929f0.cloudfront.net/videos/videos/000/001/182/original/PairSumDivisibleByM_conv.mp4?1625651904
4258,Check for BST with One Child,http://www.scaler.com/admin/new_problems/4258,https://d2beiqkhq929f0.cloudfront.net/videos/videos/000/001/183/original/CheckIfPreorderIsOfaBST_conv.mp4?1625652056
4088,Sub-matrix Sum Queries,http://www.scaler.com/admin/new_problems/4088,https://d2beiqkhq929f0.cloudfront.net/videos/videos/000/001/310/original/Sub_matrix_sum_queries.mov_conv.mp4?1625833568
1247,"Special Subsequences ""AG""",http://www.scaler.com/admin/new_problems/1247,https://d2beiqkhq929f0.cloudfront.net/videos/videos/000/001/313/original/SpecialSubsequenceAG.MP4_conv.mp4?1625908999
11949,Water Flow,http://www.scaler.com/admin/new_problems/11949,https://d2beiqkhq929f0.cloudfront.net/videos/videos/000/001/317/original/Water_flow.mp4?1625911195
9292,0-1 Knapsack,http://www.scaler.com/admin/new_problems/9292,https://d2beiqkhq929f0.cloudfront.net/videos/videos/000/001/318/original/01Knapsack.mov_conv.mp4?1625913848
9340,Unbounded Knapsack,http://www.scaler.com/admin/new_problems/9340,https://d2beiqkhq929f0.cloudfront.net/videos/videos/000/001/319/original/UnboundedKnapsack.mov_conv.mp4?1625914487
5697,Ath Magical Number,http://www.scaler.com/admin/new_problems/5697,https://d2beiqkhq929f0.cloudfront.net/videos/videos/000/001/383/original/Ath_magical_number_conv.mp4?1626351903
4745,Mod Sum ,http://www.scaler.com/admin/new_problems/4745,https://d2beiqkhq929f0.cloudfront.net/videos/videos/000/001/384/original/modSumUpdated_conv.mp4?1627026756
423,Good Graph,http://www.scaler.com/admin/new_problems/423,https://d2beiqkhq929f0.cloudfront.net/videos/videos/000/001/447/original/final_comp.mp4?1630435731
4178,Number of Squareful Arrays,http://www.scaler.com/admin/new_problems/4178,https://d2beiqkhq929f0.cloudfront.net/videos/videos/000/001/448/original/final_comp.mp4?1630436196
6525,Segment Tree?,http://www.scaler.com/admin/new_problems/6525,https://d2beiqkhq929f0.cloudfront.net/videos/videos/000/001/469/original/Segment_Tree__comp.mp4?1630492651
417,N max pair combinations,http://www.scaler.com/admin/new_problems/417,https://d2beiqkhq929f0.cloudfront.net/videos/videos/000/001/476/original/N_max_pair_combinations_comp.mp4?1630494099
4117,Closest pair from sorted arrays,http://www.scaler.com/admin/new_problems/4117,https://d2beiqkhq929f0.cloudfront.net/videos/videos/000/001/489/original/Closest_pair_from_sorted_arrays_conv.mp4?1630578634
1089,Permutations of A in B,http://www.scaler.com/admin/new_problems/1089,https://d2beiqkhq929f0.cloudfront.net/videos/videos/000/001/490/original/Permutations_of_A_in_B_comp.mp4?1630579703
10069,Block the path,http://www.scaler.com/admin/new_problems/10069,https://d2beiqkhq929f0.cloudfront.net/videos/videos/000/001/491/original/Block_the_path_conv.mp4?1630579757
4669,Another Coin Problem,http://www.scaler.com/admin/new_problems/4669,https://d2beiqkhq929f0.cloudfront.net/videos/videos/000/001/492/original/Another_Coin_Problem_conv.mp4?1630579837
9335,Edge in MST,http://www.scaler.com/admin/new_problems/9335,https://d2beiqkhq929f0.cloudfront.net/videos/videos/000/001/493/original/Edge_in_MST_conv.mp4?1630579841
11926,Next Smallest Palindrome!,http://www.scaler.com/admin/new_problems/11926,https://d2beiqkhq929f0.cloudfront.net/videos/videos/000/001/494/original/Next_Smallest_Palindrome_comp.mp4?1630581487
6604,SUBARRAY OR,http://www.scaler.com/admin/new_problems/6604,https://d2beiqkhq929f0.cloudfront.net/videos/videos/000/001/496/original/SUBARRAY_OR_comp.mp4?1630581525
4811,Check whether the graph is bipartite or not,http://www.scaler.com/admin/new_problems/4811,https://d2beiqkhq929f0.cloudfront.net/videos/videos/000/001/511/original/final_comp.mp4?1630596532
9347,0-1 Knapsack II,http://www.scaler.com/admin/new_problems/9347,https://d2beiqkhq929f0.cloudfront.net/videos/videos/000/001/512/original/final_out_comp.mp4?1630929998
6236,Vertical and Horizontal Sums,http://www.scaler.com/admin/new_problems/6236,https://d2beiqkhq929f0.cloudfront.net/videos/videos/000/001/513/original/out_comp.mp4?1630930637
7550,Area under the hills,http://www.scaler.com/admin/new_problems/7550,https://d2beiqkhq929f0.cloudfront.net/videos/videos/000/001/514/original/final_out_comp.mp4?1630930692
4818,Remove Invalid Parentheses,http://www.scaler.com/admin/new_problems/4818,https://d2beiqkhq929f0.cloudfront.net/videos/videos/000/001/527/original/final_comp.mp4?1632163261
4546,Subarrays Xor Less Than B,http://www.scaler.com/admin/new_problems/4546,https://d2beiqkhq929f0.cloudfront.net/videos/videos/000/001/528/original/final_comp.mp4?1632163560
5832,Modified Search,http://www.scaler.com/admin/new_problems/5832,https://d2beiqkhq929f0.cloudfront.net/videos/videos/000/001/529/original/final_comp.mp4?1632163764
9328,Topological Sort,http://www.scaler.com/admin/new_problems/9328,https://d2beiqkhq929f0.cloudfront.net/videos/videos/000/001/531/original/TopoSort_conv.mp4?1632219290
9928,Food Packets Distribution,http://www.scaler.com/admin/new_problems/9928,https://d2beiqkhq929f0.cloudfront.net/videos/videos/000/001/538/original/final_comp.mp4?1632916236
4202,Sub-array with 0 sum,http://www.scaler.com/admin/new_problems/4202,https://d2beiqkhq929f0.cloudfront.net/videos/videos/000/001/539/original/final_comp.mp4?1632916300
1224,Unique Elements,http://www.scaler.com/admin/new_problems/1224,https://d2beiqkhq929f0.cloudfront.net/videos/videos/000/001/540/original/final_comp.mp4?1632916632
10054,Minimum Distance,http://www.scaler.com/admin/new_problems/10054,https://d2beiqkhq929f0.cloudfront.net/videos/videos/000/001/541/original/final_comp.mp4?1632916700
6562,Distance between Nodes of BST,http://www.scaler.com/admin/new_problems/6562,https://d2beiqkhq929f0.cloudfront.net/videos/videos/000/001/543/original/final_comp.mp4?1632916876
4111,Compute nCr % m,http://www.scaler.com/admin/new_problems/4111,https://d2beiqkhq929f0.cloudfront.net/videos/videos/000/001/544/original/final_comp.mp4?1632916914
9346,The Prime Game,http://www.scaler.com/admin/new_problems/9346,https://d2beiqkhq929f0.cloudfront.net/videos/videos/000/001/545/original/final_comp.mp4?1632917073
5550,Boring substring,http://www.scaler.com/admin/new_problems/5550,https://d2beiqkhq929f0.cloudfront.net/videos/videos/000/001/572/original/Boring_Substring.mov?1639465545
5880,ALL GCD PAIR,http://www.scaler.com/admin/new_problems/5880,https://d2beiqkhq929f0.cloudfront.net/videos/videos/000/001/578/original/all_gcd_pair.mov?1639472717
9961,Prefix Matching,http://www.scaler.com/admin/new_problems/9961,https://d2beiqkhq929f0.cloudfront.net/videos/videos/000/001/579/original/Prefix_Matching.mov?1639473418
5863,Reverse the string,http://www.scaler.com/admin/new_problems/5863,https://d2beiqkhq929f0.cloudfront.net/videos/videos/000/001/580/original/Reverse_the_string.mov?1639486437
4859,Equal Tree Partition,http://www.scaler.com/admin/new_problems/4859,https://d2beiqkhq929f0.cloudfront.net/videos/videos/000/001/587/original/Equal_tree_partition.mov?1639503065
4808,Sort Array in given Order,http://www.scaler.com/admin/new_problems/4808,https://d2beiqkhq929f0.cloudfront.net/videos/videos/000/001/588/original/Sort_array_in_given_order.mov?1639503442
4129,Aggressive cows,http://www.scaler.com/admin/new_problems/4129,https://d2beiqkhq929f0.cloudfront.net/videos/videos/000/001/591/original/aggressive_Cows.mp4?1639505183
4356,Good Ranges,http://www.scaler.com/admin/new_problems/4356,https://d2beiqkhq929f0.cloudfront.net/videos/videos/000/001/592/original/Good_ranges.mov?1639523994
1074,Binary Strings,http://www.scaler.com/admin/new_problems/1074,https://d2beiqkhq929f0.cloudfront.net/videos/videos/000/001/595/original/Binary_strings.mov?1639524888
9184,Single Number III,http://www.scaler.com/admin/new_problems/9184,https://d2beiqkhq929f0.cloudfront.net/videos/videos/000/001/597/original/Single_number_3.mov?1639741575
9327,Cycle in Directed Graph,http://www.scaler.com/admin/new_problems/9327,https://d2beiqkhq929f0.cloudfront.net/videos/videos/000/001/598/original/Single_number_3.mov?1639741945
4048,Minimum Swaps 2,http://www.scaler.com/admin/new_problems/4048,https://d2beiqkhq929f0.cloudfront.net/videos/videos/000/001/600/original/Minimum_swaps_2.mov?1639742564
